cod_cand,desc_lista
1347082,ITALIA SOVRANA E POPOLARE
1347083,ITALIA SOVRANA E POPOLARE
1347086,ITALIA SOVRANA E POPOLARE
1347087,ITALIA SOVRANA E POPOLARE
1347088,ITALIA SOVRANA E POPOLARE
1347090,ITALIA SOVRANA E POPOLARE
1347091,ITALIA SOVRANA E POPOLARE
1347092,ITALIA SOVRANA E POPOLARE
1347093,ITALIA SOVRANA E POPOLARE
1347111,MOVIMENTO 5 STELLE
1347114,MOVIMENTO 5 STELLE
1347136,FREE
1347138,FREE
1347146,UNIONE POPOLARE CON DE MAGISTRIS
1347148,UNIONE POPOLARE CON DE MAGISTRIS
1347157,UNIONE POPOLARE CON DE MAGISTRIS
1347175,UNIONE POPOLARE CON DE MAGISTRIS
1347185,ITALIA SOVRANA E POPOLARE
1347191,ITALIA SOVRANA E POPOLARE
1347209,ITALEXIT PER L'ITALIA
1347211,ITALEXIT PER L'ITALIA
1347213,ITALEXIT PER L'ITALIA
1347214,ITALEXIT PER L'ITALIA
1347215,ITALEXIT PER L'ITALIA
1347216,ITALEXIT PER L'ITALIA
1347218,MOVIMENTO 5 STELLE
1347221,MOVIMENTO 5 STELLE
1347222,MOVIMENTO 5 STELLE
1347232,UNIONE POPOLARE CON DE MAGISTRIS
1347233,ITALIA SOVRANA E POPOLARE
1347234,ITALIA SOVRANA E POPOLARE
1347235,UNIONE POPOLARE CON DE MAGISTRIS
1347236,UNIONE POPOLARE CON DE MAGISTRIS
1347237,UNIONE POPOLARE CON DE MAGISTRIS
1347244,UNIONE POPOLARE CON DE MAGISTRIS
1347249,UNIONE POPOLARE CON DE MAGISTRIS
1347250,UNIONE POPOLARE CON DE MAGISTRIS
1347258,UNIONE POPOLARE CON DE MAGISTRIS
1347260,MOVIMENTO 5 STELLE
1347261,MOVIMENTO 5 STELLE
1347262,MOVIMENTO 5 STELLE
1347263,UNIONE POPOLARE CON DE MAGISTRIS
1347264,UNIONE POPOLARE CON DE MAGISTRIS
1347265,UNIONE POPOLARE CON DE MAGISTRIS
1347269,VITA
1347270,VITA
1347272,VITA
1347274,VITA
1347306,MOVIMENTO 5 STELLE
1347307,MOVIMENTO 5 STELLE
1347308,MOVIMENTO 5 STELLE
1347316,MOVIMENTO 5 STELLE
1347318,MOVIMENTO 5 STELLE
1347329,ITALEXIT PER L'ITALIA
1347331,ITALEXIT PER L'ITALIA
1347332,ITALEXIT PER L'ITALIA
1347345,FREE
1347346,FREE
1347347,UNIONE POPOLARE CON DE MAGISTRIS
1347359,ITALEXIT PER L'ITALIA
1347360,ITALIA SOVRANA E POPOLARE
1347362,ITALEXIT PER L'ITALIA
1347364,ITALIA SOVRANA E POPOLARE
1347369,ITALEXIT PER L'ITALIA
1347371,ITALEXIT PER L'ITALIA
1347374,ITALEXIT PER L'ITALIA
1347375,UNIONE POPOLARE CON DE MAGISTRIS
1347377,UNIONE POPOLARE CON DE MAGISTRIS
1347381,UNIONE POPOLARE CON DE MAGISTRIS
1347384,UNIONE POPOLARE CON DE MAGISTRIS
1347385,UNIONE POPOLARE CON DE MAGISTRIS
1347386,UNIONE POPOLARE CON DE MAGISTRIS
1347387,UNIONE POPOLARE CON DE MAGISTRIS
1347390,UNIONE POPOLARE CON DE MAGISTRIS
1347392,UNIONE POPOLARE CON DE MAGISTRIS
1347394,UNIONE POPOLARE CON DE MAGISTRIS
1347395,UNIONE POPOLARE CON DE MAGISTRIS
1347396,UNIONE POPOLARE CON DE MAGISTRIS
1347399,UNIONE POPOLARE CON DE MAGISTRIS
1347402,UNIONE POPOLARE CON DE MAGISTRIS
1347404,UNIONE POPOLARE CON DE MAGISTRIS
1347407,MOVIMENTO 5 STELLE
1347416,UNIONE POPOLARE CON DE MAGISTRIS
1347422,ITALEXIT PER L'ITALIA
1347423,ALTERNATIVA PER L'ITALIA - NO GREEN PASS
1347425,VITA
1347427,UNIONE POPOLARE CON DE MAGISTRIS
1347428,ITALIA SOVRANA E POPOLARE
1347429,ITALIA SOVRANA E POPOLARE
1347430,ITALIA SOVRANA E POPOLARE
1347433,ITALEXIT PER L'ITALIA
1347435,ALTERNATIVA PER L'ITALIA - NO GREEN PASS
1347437,VITA
1347438,UNIONE POPOLARE CON DE MAGISTRIS
1347439,ITALIA SOVRANA E POPOLARE
1347441,ITALEXIT PER L'ITALIA
1347443,UNIONE POPOLARE CON DE MAGISTRIS
1347462,MASTELLA NOI DI CENTRO EUROPEISTI
1347465,MASTELLA NOI DI CENTRO EUROPEISTI
1347487,UNIONE POPOLARE CON DE MAGISTRIS
1347489,UNIONE POPOLARE CON DE MAGISTRIS
1347494,ITALIA SOVRANA E POPOLARE
1347498,ITALEXIT PER L'ITALIA
1347499,ITALIA SOVRANA E POPOLARE
1347500,ITALEXIT PER L'ITALIA
1347501,ITALEXIT PER L'ITALIA
1347502,ITALEXIT PER L'ITALIA
1347506,ITALIA SOVRANA E POPOLARE
1347511,ITALIA SOVRANA E POPOLARE
1347515,ITALIA SOVRANA E POPOLARE
1347517,ITALIA SOVRANA E POPOLARE
1347521,ITALIA SOVRANA E POPOLARE
1347540,UNIONE POPOLARE CON DE MAGISTRIS
1347542,VITA
1347543,UNIONE POPOLARE CON DE MAGISTRIS
1347545,UNIONE POPOLARE CON DE MAGISTRIS
1347547,UNIONE POPOLARE CON DE MAGISTRIS
1347549,UNIONE POPOLARE CON DE MAGISTRIS
1347557,MASTELLA NOI DI CENTRO EUROPEISTI
1347559,ITALIA SOVRANA E POPOLARE
1347561,ITALEXIT PER L'ITALIA
1347566,UNIONE POPOLARE CON DE MAGISTRIS
1347567,UNIONE POPOLARE CON DE MAGISTRIS
1347575,VITA
1347583,ITALIA SOVRANA E POPOLARE
1347584,ITALIA SOVRANA E POPOLARE
1347586,ALTERNATIVA PER L'ITALIA - NO GREEN PASS
1347588,VITA
1347591,UNIONE POPOLARE CON DE MAGISTRIS
1347594,UNIONE POPOLARE CON DE MAGISTRIS
1347598,VITA
1347608,MOVIMENTO 5 STELLE
1347611,MOVIMENTO 5 STELLE
1347612,MASTELLA NOI DI CENTRO EUROPEISTI
1347619,ALTERNATIVA PER L'ITALIA - NO GREEN PASS
1347620,VITA
1347624,UNIONE POPOLARE CON DE MAGISTRIS
1347625,MASTELLA NOI DI CENTRO EUROPEISTI
1347629,MASTELLA NOI DI CENTRO EUROPEISTI
1347635,VITA
1347640,MOVIMENTO 5 STELLE
1347645,MOVIMENTO 5 STELLE
1347646,MOVIMENTO 5 STELLE
1347648,ITALIA SOVRANA E POPOLARE
1347650,MOVIMENTO 5 STELLE
1347668,VITA
1347671,VITA
1347673,VITA
1347675,ITALEXIT PER L'ITALIA
1347676,ITALEXIT PER L'ITALIA
1347684,ITALIA SOVRANA E POPOLARE
1347685,MOVIMENTO 5 STELLE
1347686,ITALIA SOVRANA E POPOLARE
1347692,ITALIA SOVRANA E POPOLARE
1347694,ITALEXIT PER L'ITALIA
1347697,UNIONE POPOLARE CON DE MAGISTRIS
1347698,MOVIMENTO 5 STELLE
1347731,ITALIA SOVRANA E POPOLARE
1347733,UNIONE POPOLARE CON DE MAGISTRIS
1347737,MOVIMENTO 5 STELLE
1347739,MOVIMENTO 5 STELLE
1347751,ITALIA SOVRANA E POPOLARE
1347754,ITALIA SOVRANA E POPOLARE
1347755,ITALIA SOVRANA E POPOLARE
1347756,UNIONE POPOLARE CON DE MAGISTRIS
1347758,UNIONE POPOLARE CON DE MAGISTRIS
1347760,ITALIA SOVRANA E POPOLARE
1347792,UNIONE POPOLARE CON DE MAGISTRIS
1347793,MOVIMENTO 5 STELLE
1347794,ITALIA SOVRANA E POPOLARE
1347796,ITALEXIT PER L'ITALIA
1347797,ITALEXIT PER L'ITALIA
1347800,ITALEXIT PER L'ITALIA
1347803,ITALEXIT PER L'ITALIA
1347838,ITALIA SOVRANA E POPOLARE
1347839,ITALIA SOVRANA E POPOLARE
1347840,ITALIA SOVRANA E POPOLARE
1347842,ITALIA SOVRANA E POPOLARE
1347845,ITALIA SOVRANA E POPOLARE
1347846,ITALIA SOVRANA E POPOLARE
1347847,ITALIA SOVRANA E POPOLARE
1347878,MOVIMENTO 5 STELLE
1347881,UNIONE POPOLARE CON DE MAGISTRIS
1347882,UNIONE POPOLARE CON DE MAGISTRIS
1347886,UNIONE POPOLARE CON DE MAGISTRIS
1347891,UNIONE POPOLARE CON DE MAGISTRIS
1347898,MASTELLA NOI DI CENTRO EUROPEISTI
1347900,MASTELLA NOI DI CENTRO EUROPEISTI
1347902,MASTELLA NOI DI CENTRO EUROPEISTI
1347904,ITALIA SOVRANA E POPOLARE
1347905,MASTELLA NOI DI CENTRO EUROPEISTI
1347906,ITALIA SOVRANA E POPOLARE
1347907,UNIONE POPOLARE CON DE MAGISTRIS
1347920,ITALIA SOVRANA E POPOLARE
1347921,UNIONE POPOLARE CON DE MAGISTRIS
1347922,MOVIMENTO 5 STELLE
1347924,MOVIMENTO 5 STELLE
1347935,ITALIA SOVRANA E POPOLARE
1347965,MOVIMENTO 5 STELLE
1347970,MOVIMENTO 5 STELLE
1347971,MOVIMENTO 5 STELLE
1347981,MOVIMENTO 5 STELLE
1347991,MOVIMENTO 5 STELLE
1347992,MOVIMENTO 5 STELLE
1348001,MOVIMENTO 5 STELLE
1348003,MOVIMENTO 5 STELLE
1348004,MOVIMENTO 5 STELLE
1348010,ITALEXIT PER L'ITALIA
1348019,PARTITO ANIMALISTA - UCDL - 10 VOLTE MEGLIO
1348021,PARTITO ANIMALISTA - UCDL - 10 VOLTE MEGLIO
1348031,ALLEANZA VERDI E SINISTRA; +EUROPA; IMPEGNO CIVICO LUIGI DI MAIO - CENTRO DEMOCRATICO; PARTITO DEMOCRATICO - ITALIA DEMOCRATICA E PROGRESSISTA
1348035,PARTITO ANIMALISTA - UCDL - 10 VOLTE MEGLIO
1348036,PARTITO ANIMALISTA - UCDL - 10 VOLTE MEGLIO
1348050,ALLEANZA VERDI E SINISTRA; +EUROPA; IMPEGNO CIVICO LUIGI DI MAIO - CENTRO DEMOCRATICO; PARTITO DEMOCRATICO - ITALIA DEMOCRATICA E PROGRESSISTA
1348051,PARTITO ANIMALISTA - UCDL - 10 VOLTE MEGLIO
1348056,PARTITO ANIMALISTA - UCDL - 10 VOLTE MEGLIO
1348057,ALLEANZA VERDI E SINISTRA; +EUROPA; IMPEGNO CIVICO LUIGI DI MAIO - CENTRO DEMOCRATICO; PARTITO DEMOCRATICO - ITALIA DEMOCRATICA E PROGRESSISTA
1348060,PARTITO ANIMALISTA - UCDL - 10 VOLTE MEGLIO
1348062,PARTITO ANIMALISTA - UCDL - 10 VOLTE MEGLIO
1348065,ALLEANZA VERDI E SINISTRA; +EUROPA; IMPEGNO CIVICO LUIGI DI MAIO - CENTRO DEMOCRATICO; PARTITO DEMOCRATICO - ITALIA DEMOCRATICA E PROGRESSISTA
1348096,MOVIMENTO 5 STELLE
1348097,ITALEXIT PER L'ITALIA
1348101,ITALEXIT PER L'ITALIA
1348108,ITALEXIT PER L'ITALIA
1348112,ITALEXIT PER L'ITALIA
1348113,ITALEXIT PER L'ITALIA
1348118,ITALEXIT PER L'ITALIA
1348119,ITALEXIT PER L'ITALIA
1348123,ITALEXIT PER L'ITALIA
1348124,ITALEXIT PER L'ITALIA
1348128,ITALEXIT PER L'ITALIA
1348130,ALLEANZA VERDI E SINISTRA; +EUROPA; IMPEGNO CIVICO LUIGI DI MAIO - CENTRO DEMOCRATICO; PARTITO DEMOCRATICO - ITALIA DEMOCRATICA E PROGRESSISTA
1348131,PARTITO ANIMALISTA - UCDL - 10 VOLTE MEGLIO
1348134,PARTITO ANIMALISTA - UCDL - 10 VOLTE MEGLIO
1348161,MOVIMENTO 5 STELLE
1348162,MOVIMENTO 5 STELLE
1348164,UNIONE POPOLARE CON DE MAGISTRIS
1348165,UNIONE POPOLARE CON DE MAGISTRIS
1348167,UNIONE POPOLARE CON DE MAGISTRIS
1348168,ALLEANZA VERDI E SINISTRA; +EUROPA; IMPEGNO CIVICO LUIGI DI MAIO - CENTRO DEMOCRATICO; PARTITO DEMOCRATICO - ITALIA DEMOCRATICA E PROGRESSISTA
1348170,FORZA ITALIA; FRATELLI D'ITALIA CON GIORGIA MELONI; NOI MODERATI/LUPI - TOTI - BRUGNARO - UDC; LEGA PER SALVINI PREMIER
1348171,ALLEANZA VERDI E SINISTRA; +EUROPA; IMPEGNO CIVICO LUIGI DI MAIO - CENTRO DEMOCRATICO; PARTITO DEMOCRATICO - ITALIA DEMOCRATICA E PROGRESSISTA
1348173,FORZA ITALIA; FRATELLI D'ITALIA CON GIORGIA MELONI; NOI MODERATI/LUPI - TOTI - BRUGNARO - UDC; LEGA PER SALVINI PREMIER
1348174,FORZA ITALIA; FRATELLI D'ITALIA CON GIORGIA MELONI; NOI MODERATI/LUPI - TOTI - BRUGNARO - UDC; LEGA PER SALVINI PREMIER
1348182,ALLEANZA VERDI E SINISTRA; +EUROPA; IMPEGNO CIVICO LUIGI DI MAIO - CENTRO DEMOCRATICO; PARTITO DEMOCRATICO - ITALIA DEMOCRATICA E PROGRESSISTA
1348183,UNIONE POPOLARE CON DE MAGISTRIS
1348185,UNIONE POPOLARE CON DE MAGISTRIS
1348190,PARTITO ANIMALISTA - UCDL - 10 VOLTE MEGLIO
1348203,ALLEANZA VERDI E SINISTRA; +EUROPA; IMPEGNO CIVICO LUIGI DI MAIO - CENTRO DEMOCRATICO; PARTITO DEMOCRATICO - ITALIA DEMOCRATICA E PROGRESSISTA
1348222,FRATELLI D'ITALIA CON GIORGIA MELONI; LEGA PER SALVINI PREMIER; FORZA ITALIA; NOI MODERATI/LUPI - TOTI - BRUGNARO - UDC
1348228,FRATELLI D'ITALIA CON GIORGIA MELONI; LEGA PER SALVINI PREMIER; FORZA ITALIA; NOI MODERATI/LUPI - TOTI - BRUGNARO - UDC
1348236,UNIONE POPOLARE CON DE MAGISTRIS
1348239,UNIONE POPOLARE CON DE MAGISTRIS
1348241,MOVIMENTO 5 STELLE
1348247,VITA
1348250,VITA
1348252,VITA
1348254,UNIONE POPOLARE CON DE MAGISTRIS
1348267,+EUROPA; PARTITO DEMOCRATICO - ITALIA DEMOCRATICA E PROGRESSISTA; IMPEGNO CIVICO LUIGI DI MAIO - CENTRO DEMOCRATICO; ALLEANZA VERDI E SINISTRA
1348286,FRATELLI D'ITALIA CON GIORGIA MELONI; LEGA PER SALVINI PREMIER; FORZA ITALIA; NOI MODERATI/LUPI - TOTI - BRUGNARO - UDC
1348287,ALLEANZA VERDI E SINISTRA; +EUROPA; IMPEGNO CIVICO LUIGI DI MAIO - CENTRO DEMOCRATICO; PARTITO DEMOCRATICO - ITALIA DEMOCRATICA E PROGRESSISTA
1348288,FRATELLI D'ITALIA CON GIORGIA MELONI; LEGA PER SALVINI PREMIER; FORZA ITALIA; NOI MODERATI/LUPI - TOTI - BRUGNARO - UDC
1348291,ALLEANZA VERDI E SINISTRA; +EUROPA; IMPEGNO CIVICO LUIGI DI MAIO - CENTRO DEMOCRATICO; PARTITO DEMOCRATICO - ITALIA DEMOCRATICA E PROGRESSISTA
1348303,FORZA ITALIA; FRATELLI D'ITALIA CON GIORGIA MELONI; NOI MODERATI/LUPI - TOTI - BRUGNARO - UDC; LEGA PER SALVINI PREMIER
1348311,FORZA ITALIA; FRATELLI D'ITALIA CON GIORGIA MELONI; NOI MODERATI/LUPI - TOTI - BRUGNARO - UDC; LEGA PER SALVINI PREMIER
1348324,FORZA ITALIA; FRATELLI D'ITALIA CON GIORGIA MELONI; NOI MODERATI/LUPI - TOTI - BRUGNARO - UDC; LEGA PER SALVINI PREMIER
1348327,FORZA ITALIA; FRATELLI D'ITALIA CON GIORGIA MELONI; NOI MODERATI/LUPI - TOTI - BRUGNARO - UDC; LEGA PER SALVINI PREMIER
1348328,MOVIMENTO 5 STELLE
1348329,MOVIMENTO 5 STELLE
1348331,UNIONE POPOLARE CON DE MAGISTRIS
1348335,UNIONE POPOLARE CON DE MAGISTRIS
1348336,UNIONE POPOLARE CON DE MAGISTRIS
1348337,MOVIMENTO 5 STELLE
1348338,MOVIMENTO 5 STELLE
1348353,UNIONE POPOLARE CON DE MAGISTRIS
1348355,AZIONE - ITALIA VIVA - CALENDA
1348357,UNIONE POPOLARE CON DE MAGISTRIS
1348358,AZIONE - ITALIA VIVA - CALENDA
1348362,+EUROPA; PARTITO DEMOCRATICO - ITALIA DEMOCRATICA E PROGRESSISTA; IMPEGNO CIVICO LUIGI DI MAIO - CENTRO DEMOCRATICO; ALLEANZA VERDI E SINISTRA
1348366,AZIONE - ITALIA VIVA - CALENDA
1348375,AZIONE - ITALIA VIVA - CALENDA
1348376,AZIONE - ITALIA VIVA - CALENDA
1348377,AZIONE - ITALIA VIVA - CALENDA
1348378,AZIONE - ITALIA VIVA - CALENDA
1348384,FORZA ITALIA; FRATELLI D'ITALIA CON GIORGIA MELONI; NOI MODERATI/LUPI - TOTI - BRUGNARO - UDC; LEGA PER SALVINI PREMIER
1348389,FORZA ITALIA; FRATELLI D'ITALIA CON GIORGIA MELONI; NOI MODERATI/LUPI - TOTI - BRUGNARO - UDC; LEGA PER SALVINI PREMIER
1348399,FRATELLI D'ITALIA CON GIORGIA MELONI; LEGA PER SALVINI PREMIER; FORZA ITALIA; NOI MODERATI/LUPI - TOTI - BRUGNARO - UDC
1348404,FORZA ITALIA; FRATELLI D'ITALIA CON GIORGIA MELONI; NOI MODERATI/LUPI - TOTI - BRUGNARO - UDC; LEGA PER SALVINI PREMIER
1348408,FORZA ITALIA; FRATELLI D'ITALIA CON GIORGIA MELONI; NOI MODERATI/LUPI - TOTI - BRUGNARO - UDC; LEGA PER SALVINI PREMIER
1348420,MOVIMENTO 5 STELLE
1348422,MOVIMENTO 5 STELLE
1348428,MOVIMENTO 5 STELLE
1348431,UNIONE POPOLARE CON DE MAGISTRIS
1348438,MOVIMENTO 5 STELLE
1348442,VITA
1348443,VITA
1348460,VITA
1348464,VITA
1348467,MOVIMENTO 5 STELLE
1348468,+EUROPA; PARTITO DEMOCRATICO - ITALIA DEMOCRATICA E PROGRESSISTA; IMPEGNO CIVICO LUIGI DI MAIO - CENTRO DEMOCRATICO; ALLEANZA VERDI E SINISTRA
1348470,LEGA PER SALVINI PREMIER; FRATELLI D'ITALIA CON GIORGIA MELONI; FORZA ITALIA; NOI MODERATI/LUPI - TOTI - BRUGNARO - UDC
1348480,VITA
1348494,AZIONE - ITALIA VIVA - CALENDA
1348496,LEGA PER SALVINI PREMIER; FRATELLI D'ITALIA CON GIORGIA MELONI; FORZA ITALIA; NOI MODERATI/LUPI - TOTI - BRUGNARO - UDC
1348498,AZIONE - ITALIA VIVA - CALENDA
1348501,AZIONE - ITALIA VIVA - CALENDA
1348502,VITA
1348503,LEGA PER SALVINI PREMIER; FRATELLI D'ITALIA CON GIORGIA MELONI; FORZA ITALIA; NOI MODERATI/LUPI - TOTI - BRUGNARO - UDC
1348504,+EUROPA; PARTITO DEMOCRATICO - ITALIA DEMOCRATICA E PROGRESSISTA; IMPEGNO CIVICO LUIGI DI MAIO - CENTRO DEMOCRATICO; ALLEANZA VERDI E SINISTRA
1348505,AZIONE - ITALIA VIVA - CALENDA
1348506,VITA
1348507,LEGA PER SALVINI PREMIER; FRATELLI D'ITALIA CON GIORGIA MELONI; FORZA ITALIA; NOI MODERATI/LUPI - TOTI - BRUGNARO - UDC
1348538,+EUROPA; ALLEANZA VERDI E SINISTRA; IMPEGNO CIVICO LUIGI DI MAIO - CENTRO DEMOCRATICO; PARTITO DEMOCRATICO - ITALIA DEMOCRATICA E PROGRESSISTA
1348547,+EUROPA; ALLEANZA VERDI E SINISTRA; IMPEGNO CIVICO LUIGI DI MAIO - CENTRO DEMOCRATICO; PARTITO DEMOCRATICO - ITALIA DEMOCRATICA E PROGRESSISTA
1348566,MOVIMENTO 5 STELLE
1348575,MOVIMENTO 5 STELLE
1348586,VITA
1348602,+EUROPA; ALLEANZA VERDI E SINISTRA; IMPEGNO CIVICO LUIGI DI MAIO - CENTRO DEMOCRATICO; PARTITO DEMOCRATICO - ITALIA DEMOCRATICA E PROGRESSISTA
1348619,+EUROPA; PARTITO DEMOCRATICO - ITALIA DEMOCRATICA E PROGRESSISTA; IMPEGNO CIVICO LUIGI DI MAIO - CENTRO DEMOCRATICO; ALLEANZA VERDI E SINISTRA
1348621,+EUROPA; PARTITO DEMOCRATICO - ITALIA DEMOCRATICA E PROGRESSISTA; IMPEGNO CIVICO LUIGI DI MAIO - CENTRO DEMOCRATICO; ALLEANZA VERDI E SINISTRA
1348628,UNIONE POPOLARE CON DE MAGISTRIS
1348633,ITALIA SOVRANA E POPOLARE
1348641,ITALIA SOVRANA E POPOLARE
1348643,ITALIA SOVRANA E POPOLARE
1348650,ITALIA SOVRANA E POPOLARE
1348652,VITA
1348656,ITALIA SOVRANA E POPOLARE
1348659,ITALIA SOVRANA E POPOLARE
1348661,ITALIA SOVRANA E POPOLARE
1348664,NOI MODERATI/LUPI - TOTI - BRUGNARO - UDC; LEGA PER SALVINI PREMIER; FRATELLI D'ITALIA CON GIORGIA MELONI; FORZA ITALIA
1348667,NOI MODERATI/LUPI - TOTI - BRUGNARO - UDC; LEGA PER SALVINI PREMIER; FRATELLI D'ITALIA CON GIORGIA MELONI; FORZA ITALIA
1348683,+EUROPA; ALLEANZA VERDI E SINISTRA; IMPEGNO CIVICO LUIGI DI MAIO - CENTRO DEMOCRATICO; PARTITO DEMOCRATICO - ITALIA DEMOCRATICA E PROGRESSISTA
1348726,+EUROPA; PARTITO DEMOCRATICO - ITALIA DEMOCRATICA E PROGRESSISTA; IMPEGNO CIVICO LUIGI DI MAIO - CENTRO DEMOCRATICO; ALLEANZA VERDI E SINISTRA
1348729,+EUROPA; ALLEANZA VERDI E SINISTRA; PARTITO DEMOCRATICO - ITALIA DEMOCRATICA E PROGRESSISTA; IMPEGNO CIVICO LUIGI DI MAIO - CENTRO DEMOCRATICO
1348733,PARTITO DEMOCRATICO - ITALIA DEMOCRATICA E PROGRESSISTA; ALLEANZA VERDI E SINISTRA; IMPEGNO CIVICO LUIGI DI MAIO - CENTRO DEMOCRATICO; +EUROPA
1348739,UNIONE POPOLARE CON DE MAGISTRIS
1348744,UNIONE POPOLARE CON DE MAGISTRIS
1348745,UNIONE POPOLARE CON DE MAGISTRIS
1348746,NOI MODERATI/LUPI - TOTI - BRUGNARO - UDC; FORZA ITALIA; FRATELLI D'ITALIA CON GIORGIA MELONI; LEGA PER SALVINI PREMIER
1348747,NOI MODERATI/LUPI - TOTI - BRUGNARO - UDC; LEGA PER SALVINI PREMIER; FRATELLI D'ITALIA CON GIORGIA MELONI; FORZA ITALIA
1348755,NOI MODERATI/LUPI - TOTI - BRUGNARO - UDC; LEGA PER SALVINI PREMIER; FRATELLI D'ITALIA CON GIORGIA MELONI; FORZA ITALIA
1348759,NOI MODERATI/LUPI - TOTI - BRUGNARO - UDC; LEGA PER SALVINI PREMIER; FRATELLI D'ITALIA CON GIORGIA MELONI; FORZA ITALIA
1348760,PARTITO DEMOCRATICO - ITALIA DEMOCRATICA E PROGRESSISTA; ALLEANZA VERDI E SINISTRA; IMPEGNO CIVICO LUIGI DI MAIO - CENTRO DEMOCRATICO; +EUROPA
1348794,+EUROPA; PARTITO DEMOCRATICO - ITALIA DEMOCRATICA E PROGRESSISTA; IMPEGNO CIVICO LUIGI DI MAIO - CENTRO DEMOCRATICO; ALLEANZA VERDI E SINISTRA
1348814,+EUROPA; ALLEANZA VERDI E SINISTRA; PARTITO DEMOCRATICO - ITALIA DEMOCRATICA E PROGRESSISTA; IMPEGNO CIVICO LUIGI DI MAIO - CENTRO DEMOCRATICO
1348816,+EUROPA; ALLEANZA VERDI E SINISTRA; PARTITO DEMOCRATICO - ITALIA DEMOCRATICA E PROGRESSISTA; IMPEGNO CIVICO LUIGI DI MAIO - CENTRO DEMOCRATICO
1348817,UNIONE POPOLARE CON DE MAGISTRIS
1348819,UNIONE POPOLARE CON DE MAGISTRIS
1348824,UNIONE POPOLARE CON DE MAGISTRIS
1348825,ITALIA SOVRANA E POPOLARE
1348835,VITA
1348837,VITA
1348838,NOI MODERATI/LUPI - TOTI - BRUGNARO - UDC; FORZA ITALIA; FRATELLI D'ITALIA CON GIORGIA MELONI; LEGA PER SALVINI PREMIER
1348841,VITA
1348842,PARTITO DEMOCRATICO - ITALIA DEMOCRATICA E PROGRESSISTA; ALLEANZA VERDI E SINISTRA; IMPEGNO CIVICO LUIGI DI MAIO - CENTRO DEMOCRATICO; +EUROPA
1348848,NOI MODERATI/LUPI - TOTI - BRUGNARO - UDC; FORZA ITALIA; FRATELLI D'ITALIA CON GIORGIA MELONI; LEGA PER SALVINI PREMIER
1348849,ITALIA SOVRANA E POPOLARE
1348854,PARTITO DEMOCRATICO - ITALIA DEMOCRATICA E PROGRESSISTA; ALLEANZA VERDI E SINISTRA; IMPEGNO CIVICO LUIGI DI MAIO - CENTRO DEMOCRATICO; +EUROPA
1348856,+EUROPA; ALLEANZA VERDI E SINISTRA; PARTITO DEMOCRATICO - ITALIA DEMOCRATICA E PROGRESSISTA; IMPEGNO CIVICO LUIGI DI MAIO - CENTRO DEMOCRATICO
1348858,+EUROPA; ALLEANZA VERDI E SINISTRA; PARTITO DEMOCRATICO - ITALIA DEMOCRATICA E PROGRESSISTA; IMPEGNO CIVICO LUIGI DI MAIO - CENTRO DEMOCRATICO
1348860,NOI MODERATI/LUPI - TOTI - BRUGNARO - UDC; FORZA ITALIA; FRATELLI D'ITALIA CON GIORGIA MELONI; LEGA PER SALVINI PREMIER
1348866,+EUROPA; ALLEANZA VERDI E SINISTRA; PARTITO DEMOCRATICO - ITALIA DEMOCRATICA E PROGRESSISTA; IMPEGNO CIVICO LUIGI DI MAIO - CENTRO DEMOCRATICO
1348867,+EUROPA; ALLEANZA VERDI E SINISTRA; PARTITO DEMOCRATICO - ITALIA DEMOCRATICA E PROGRESSISTA; IMPEGNO CIVICO LUIGI DI MAIO - CENTRO DEMOCRATICO
1348871,+EUROPA; ALLEANZA VERDI E SINISTRA; PARTITO DEMOCRATICO - ITALIA DEMOCRATICA E PROGRESSISTA; IMPEGNO CIVICO LUIGI DI MAIO - CENTRO DEMOCRATICO
1348872,+EUROPA; ALLEANZA VERDI E SINISTRA; PARTITO DEMOCRATICO - ITALIA DEMOCRATICA E PROGRESSISTA; IMPEGNO CIVICO LUIGI DI MAIO - CENTRO DEMOCRATICO
1348885,NOI MODERATI/LUPI - TOTI - BRUGNARO - UDC; LEGA PER SALVINI PREMIER; FRATELLI D'ITALIA CON GIORGIA MELONI; FORZA ITALIA
1348890,UNIONE POPOLARE CON DE MAGISTRIS
1348891,UNIONE POPOLARE CON DE MAGISTRIS
1348894,UNIONE POPOLARE CON DE MAGISTRIS
1348900,VITA
1348902,NOI MODERATI/LUPI - TOTI - BRUGNARO - UDC; LEGA PER SALVINI PREMIER; FRATELLI D'ITALIA CON GIORGIA MELONI; FORZA ITALIA
1348904,VITA
1348906,NOI MODERATI/LUPI - TOTI - BRUGNARO - UDC; LEGA PER SALVINI PREMIER; FRATELLI D'ITALIA CON GIORGIA MELONI; FORZA ITALIA
1348907,NOI MODERATI/LUPI - TOTI - BRUGNARO - UDC; LEGA PER SALVINI PREMIER; FRATELLI D'ITALIA CON GIORGIA MELONI; FORZA ITALIA
1348914,VITA
1348916,+EUROPA; ALLEANZA VERDI E SINISTRA; PARTITO DEMOCRATICO - ITALIA DEMOCRATICA E PROGRESSISTA; IMPEGNO CIVICO LUIGI DI MAIO - CENTRO DEMOCRATICO
1348923,UNIONE POPOLARE CON DE MAGISTRIS
1348928,UNIONE POPOLARE CON DE MAGISTRIS
1348931,UNIONE POPOLARE CON DE MAGISTRIS
1348933,UNIONE POPOLARE CON DE MAGISTRIS
1348937,UNIONE POPOLARE CON DE MAGISTRIS
1348940,UNIONE POPOLARE CON DE MAGISTRIS
1348941,UNIONE POPOLARE CON DE MAGISTRIS
1348944,UNIONE POPOLARE CON DE MAGISTRIS
1348947,UNIONE POPOLARE CON DE MAGISTRIS
1348982,VITA
1348983,NOI MODERATI/LUPI - TOTI - BRUGNARO - UDC; LEGA PER SALVINI PREMIER; FRATELLI D'ITALIA CON GIORGIA MELONI; FORZA ITALIA
1348987,VITA
1348996,VITA
1348998,VITA
1349001,UNIONE POPOLARE CON DE MAGISTRIS
1349017,UNIONE POPOLARE CON DE MAGISTRIS
1349019,UNIONE POPOLARE CON DE MAGISTRIS
1349038,UNIONE POPOLARE CON DE MAGISTRIS
1349039,UNIONE POPOLARE CON DE MAGISTRIS
1349043,ITALEXIT PER L'ITALIA
1349046,UNIONE POPOLARE CON DE MAGISTRIS
1349070,MOVIMENTO 5 STELLE
1349076,ITALEXIT PER L'ITALIA
1349087,UNIONE POPOLARE CON DE MAGISTRIS
1349090,UNIONE POPOLARE CON DE MAGISTRIS
1349094,ITALEXIT PER L'ITALIA
1349095,ITALEXIT PER L'ITALIA
1349098,ITALEXIT PER L'ITALIA
1349099,ITALEXIT PER L'ITALIA
1349100,ITALEXIT PER L'ITALIA
1349101,ITALEXIT PER L'ITALIA
1349103,ITALEXIT PER L'ITALIA
1349123,ITALEXIT PER L'ITALIA
1349129,FRATELLI D'ITALIA CON GIORGIA MELONI; FORZA ITALIA; NOI MODERATI/LUPI - TOTI - BRUGNARO - UDC; LEGA PER SALVINI PREMIER
1349132,MOVIMENTO 5 STELLE
1349133,AZIONE - ITALIA VIVA - CALENDA
1349144,AZIONE - ITALIA VIVA - CALENDA
1349145,FRATELLI D'ITALIA CON GIORGIA MELONI; FORZA ITALIA; NOI MODERATI/LUPI - TOTI - BRUGNARO - UDC; LEGA PER SALVINI PREMIER
1349151,MOVIMENTO 5 STELLE
1349152,ITALEXIT PER L'ITALIA
1349153,MOVIMENTO 5 STELLE
1349154,ITALEXIT PER L'ITALIA
1349168,+EUROPA; PARTITO DEMOCRATICO - ITALIA DEMOCRATICA E PROGRESSISTA; IMPEGNO CIVICO LUIGI DI MAIO - CENTRO DEMOCRATICO; ALLEANZA VERDI E SINISTRA
1349172,+EUROPA; PARTITO DEMOCRATICO - ITALIA DEMOCRATICA E PROGRESSISTA; IMPEGNO CIVICO LUIGI DI MAIO - CENTRO DEMOCRATICO; ALLEANZA VERDI E SINISTRA
1349175,MOVIMENTO 5 STELLE
1349177,MOVIMENTO 5 STELLE
1349181,MOVIMENTO 5 STELLE
1349191,ITALEXIT PER L'ITALIA
1349193,AZIONE - ITALIA VIVA - CALENDA
1349199,AZIONE - ITALIA VIVA - CALENDA
1349208,FRATELLI D'ITALIA CON GIORGIA MELONI; FORZA ITALIA; NOI MODERATI/LUPI - TOTI - BRUGNARO - UDC; LEGA PER SALVINI PREMIER
1349210,+EUROPA; PARTITO DEMOCRATICO - ITALIA DEMOCRATICA E PROGRESSISTA; IMPEGNO CIVICO LUIGI DI MAIO - CENTRO DEMOCRATICO; ALLEANZA VERDI E SINISTRA
1349218,FRATELLI D'ITALIA CON GIORGIA MELONI; FORZA ITALIA; NOI MODERATI/LUPI - TOTI - BRUGNARO - UDC; LEGA PER SALVINI PREMIER
1349245,+EUROPA; PARTITO DEMOCRATICO - ITALIA DEMOCRATICA E PROGRESSISTA; IMPEGNO CIVICO LUIGI DI MAIO - CENTRO DEMOCRATICO; ALLEANZA VERDI E SINISTRA
1349292,ITALEXIT PER L'ITALIA
1349293,ITALEXIT PER L'ITALIA
1349296,ITALEXIT PER L'ITALIA
1349298,ITALEXIT PER L'ITALIA
1349306,ITALEXIT PER L'ITALIA
1349308,ITALEXIT PER L'ITALIA
1349319,ITALEXIT PER L'ITALIA
1349322,MOVIMENTO 5 STELLE
1349324,ITALEXIT PER L'ITALIA
1349337,MOVIMENTO 5 STELLE
1349340,MOVIMENTO 5 STELLE
1349344,PARTITO DEMOCRATICO - ITALIA DEMOCRATICA E PROGRESSISTA; IMPEGNO CIVICO LUIGI DI MAIO - CENTRO DEMOCRATICO; ALLEANZA VERDI E SINISTRA; +EUROPA
1349347,ITALEXIT PER L'ITALIA
1349348,PARTITO DEMOCRATICO - ITALIA DEMOCRATICA E PROGRESSISTA; IMPEGNO CIVICO LUIGI DI MAIO - CENTRO DEMOCRATICO; ALLEANZA VERDI E SINISTRA; +EUROPA
1349356,ITALEXIT PER L'ITALIA
1349358,ITALEXIT PER L'ITALIA
1349361,PARTITO COMUNISTA ITALIANO
1349363,PARTITO COMUNISTA ITALIANO
1349367,MOVIMENTO 5 STELLE
1349378,PARTITO DEMOCRATICO - ITALIA DEMOCRATICA E PROGRESSISTA; IMPEGNO CIVICO LUIGI DI MAIO - CENTRO DEMOCRATICO; ALLEANZA VERDI E SINISTRA; +EUROPA
1349406,MOVIMENTO 5 STELLE
1349408,FRATELLI D'ITALIA CON GIORGIA MELONI; FORZA ITALIA; NOI MODERATI/LUPI - TOTI - BRUGNARO - UDC; LEGA PER SALVINI PREMIER
1349410,MOVIMENTO 5 STELLE
1349417,VITA
1349428,MOVIMENTO 5 STELLE
1349442,PARTITO COMUNISTA ITALIANO
1349467,MOVIMENTO 5 STELLE
1349474,PARTITO DEMOCRATICO - ITALIA DEMOCRATICA E PROGRESSISTA; IMPEGNO CIVICO LUIGI DI MAIO - CENTRO DEMOCRATICO; ALLEANZA VERDI E SINISTRA; +EUROPA
1349481,PARTITO DEMOCRATICO - ITALIA DEMOCRATICA E PROGRESSISTA; IMPEGNO CIVICO LUIGI DI MAIO - CENTRO DEMOCRATICO; ALLEANZA VERDI E SINISTRA; +EUROPA
1349496,MOVIMENTO 5 STELLE
1349509,PARTITO DEMOCRATICO - ITALIA DEMOCRATICA E PROGRESSISTA; IMPEGNO CIVICO LUIGI DI MAIO - CENTRO DEMOCRATICO; ALLEANZA VERDI E SINISTRA; +EUROPA
1349531,VITA
1349533,ITALEXIT PER L'ITALIA
1349536,VITA
1349539,VITA
1349552,VITA
1349563,VITA
1349565,VITA
1349567,VITA
1349570,VITA
1349584,PARTITO DEMOCRATICO - ITALIA DEMOCRATICA E PROGRESSISTA; IMPEGNO CIVICO LUIGI DI MAIO - CENTRO DEMOCRATICO; ALLEANZA VERDI E SINISTRA; +EUROPA
1349595,SUD CHIAMA NORD
1349609,+EUROPA; PARTITO DEMOCRATICO - ITALIA DEMOCRATICA E PROGRESSISTA; ALLEANZA VERDI E SINISTRA; IMPEGNO CIVICO LUIGI DI MAIO - CENTRO DEMOCRATICO
1349611,PARTITO DEMOCRATICO - ITALIA DEMOCRATICA E PROGRESSISTA; IMPEGNO CIVICO LUIGI DI MAIO - CENTRO DEMOCRATICO; ALLEANZA VERDI E SINISTRA; +EUROPA
1349612,+EUROPA; PARTITO DEMOCRATICO - ITALIA DEMOCRATICA E PROGRESSISTA; ALLEANZA VERDI E SINISTRA; IMPEGNO CIVICO LUIGI DI MAIO - CENTRO DEMOCRATICO
1349613,SUD CHIAMA NORD
1349614,SUD CHIAMA NORD
1349617,+EUROPA; PARTITO DEMOCRATICO - ITALIA DEMOCRATICA E PROGRESSISTA; ALLEANZA VERDI E SINISTRA; IMPEGNO CIVICO LUIGI DI MAIO - CENTRO DEMOCRATICO
1349630,ITALEXIT PER L'ITALIA
1349632,+EUROPA; PARTITO DEMOCRATICO - ITALIA DEMOCRATICA E PROGRESSISTA; ALLEANZA VERDI E SINISTRA; IMPEGNO CIVICO LUIGI DI MAIO - CENTRO DEMOCRATICO
1349634,ITALEXIT PER L'ITALIA
1349664,VITA
1349666,VITA
1349672,VITA
1349680,+EUROPA; PARTITO DEMOCRATICO - ITALIA DEMOCRATICA E PROGRESSISTA; ALLEANZA VERDI E SINISTRA; IMPEGNO CIVICO LUIGI DI MAIO - CENTRO DEMOCRATICO
1349690,SUD CHIAMA NORD
1349693,ALLEANZA VERDI E SINISTRA; PARTITO DEMOCRATICO - ITALIA DEMOCRATICA E PROGRESSISTA; IMPEGNO CIVICO LUIGI DI MAIO - CENTRO DEMOCRATICO; +EUROPA
1349698,ALLEANZA VERDI E SINISTRA; PARTITO DEMOCRATICO - ITALIA DEMOCRATICA E PROGRESSISTA; IMPEGNO CIVICO LUIGI DI MAIO - CENTRO DEMOCRATICO; +EUROPA
1349699,SUD CHIAMA NORD
1349702,ALLEANZA VERDI E SINISTRA; PARTITO DEMOCRATICO - ITALIA DEMOCRATICA E PROGRESSISTA; IMPEGNO CIVICO LUIGI DI MAIO - CENTRO DEMOCRATICO; +EUROPA
1349717,PARTITO DEMOCRATICO - ITALIA DEMOCRATICA E PROGRESSISTA; IMPEGNO CIVICO LUIGI DI MAIO - CENTRO DEMOCRATICO; ALLEANZA VERDI E SINISTRA; +EUROPA
1349724,SUD CHIAMA NORD
1349725,AZIONE - ITALIA VIVA - CALENDA
1349730,AZIONE - ITALIA VIVA - CALENDA
1349772,ITALEXIT PER L'ITALIA
1349782,ITALEXIT PER L'ITALIA
1349789,ITALEXIT PER L'ITALIA
1349791,+EUROPA; ALLEANZA VERDI E SINISTRA; IMPEGNO CIVICO LUIGI DI MAIO - CENTRO DEMOCRATICO; PARTITO DEMOCRATICO - ITALIA DEMOCRATICA E PROGRESSISTA
1349823,ALLEANZA VERDI E SINISTRA; PARTITO DEMOCRATICO - ITALIA DEMOCRATICA E PROGRESSISTA; IMPEGNO CIVICO LUIGI DI MAIO - CENTRO DEMOCRATICO; +EUROPA
1349827,ALLEANZA VERDI E SINISTRA; PARTITO DEMOCRATICO - ITALIA DEMOCRATICA E PROGRESSISTA; IMPEGNO CIVICO LUIGI DI MAIO - CENTRO DEMOCRATICO; +EUROPA
1349832,ALLEANZA VERDI E SINISTRA; PARTITO DEMOCRATICO - ITALIA DEMOCRATICA E PROGRESSISTA; IMPEGNO CIVICO LUIGI DI MAIO - CENTRO DEMOCRATICO; +EUROPA
1349837,ALLEANZA VERDI E SINISTRA; PARTITO DEMOCRATICO - ITALIA DEMOCRATICA E PROGRESSISTA; IMPEGNO CIVICO LUIGI DI MAIO - CENTRO DEMOCRATICO; +EUROPA
1349838,+EUROPA; ALLEANZA VERDI E SINISTRA; IMPEGNO CIVICO LUIGI DI MAIO - CENTRO DEMOCRATICO; PARTITO DEMOCRATICO - ITALIA DEMOCRATICA E PROGRESSISTA
1349842,+EUROPA; ALLEANZA VERDI E SINISTRA; IMPEGNO CIVICO LUIGI DI MAIO - CENTRO DEMOCRATICO; PARTITO DEMOCRATICO - ITALIA DEMOCRATICA E PROGRESSISTA
1349850,MOVIMENTO 5 STELLE
1349857,MOVIMENTO 5 STELLE
1349861,+EUROPA; ALLEANZA VERDI E SINISTRA; IMPEGNO CIVICO LUIGI DI MAIO - CENTRO DEMOCRATICO; PARTITO DEMOCRATICO - ITALIA DEMOCRATICA E PROGRESSISTA
1349875,+EUROPA; ALLEANZA VERDI E SINISTRA; IMPEGNO CIVICO LUIGI DI MAIO - CENTRO DEMOCRATICO; PARTITO DEMOCRATICO - ITALIA DEMOCRATICA E PROGRESSISTA
1349899,+EUROPA; ALLEANZA VERDI E SINISTRA; IMPEGNO CIVICO LUIGI DI MAIO - CENTRO DEMOCRATICO; PARTITO DEMOCRATICO - ITALIA DEMOCRATICA E PROGRESSISTA
1349935,MASTELLA NOI DI CENTRO EUROPEISTI
1349939,MASTELLA NOI DI CENTRO EUROPEISTI
1349944,MASTELLA NOI DI CENTRO EUROPEISTI
1349946,MOVIMENTO 5 STELLE
1349953,MOVIMENTO 5 STELLE
1349962,AZIONE - ITALIA VIVA - CALENDA
1349967,MOVIMENTO 5 STELLE
1349976,AZIONE - ITALIA VIVA - CALENDA
1349977,MASTELLA NOI DI CENTRO EUROPEISTI
1349990,MOVIMENTO 5 STELLE
1350086,MOVIMENTO 5 STELLE
1350106,MOVIMENTO 5 STELLE
1350111,AZIONE - ITALIA VIVA - CALENDA
1350112,MASTELLA NOI DI CENTRO EUROPEISTI
1350115,MOVIMENTO 5 STELLE
1350123,AZIONE - ITALIA VIVA - CALENDA
1350125,MASTELLA NOI DI CENTRO EUROPEISTI
1350135,AZIONE - ITALIA VIVA - CALENDA
1350141,UNIONE POPOLARE CON DE MAGISTRIS
1350144,AZIONE - ITALIA VIVA - CALENDA
1350150,UNIONE POPOLARE CON DE MAGISTRIS
1350155,AZIONE - ITALIA VIVA - CALENDA
1350160,AZIONE - ITALIA VIVA - CALENDA
1350171,LEGA PER SALVINI PREMIER; NOI MODERATI/LUPI - TOTI - BRUGNARO - UDC; FRATELLI D'ITALIA CON GIORGIA MELONI; FORZA ITALIA
1350180,MOVIMENTO 5 STELLE
1350184,MASTELLA NOI DI CENTRO EUROPEISTI
1350197,AZIONE - ITALIA VIVA - CALENDA
1350201,UNIONE POPOLARE CON DE MAGISTRIS
1350216,VITA
1350219,VITA
1350231,ITALIA SOVRANA E POPOLARE
1350242,ITALIA SOVRANA E POPOLARE
1350248,MASTELLA NOI DI CENTRO EUROPEISTI
1350249,LEGA PER SALVINI PREMIER; NOI MODERATI/LUPI - TOTI - BRUGNARO - UDC; FRATELLI D'ITALIA CON GIORGIA MELONI; FORZA ITALIA
1350252,LEGA PER SALVINI PREMIER; NOI MODERATI/LUPI - TOTI - BRUGNARO - UDC; FRATELLI D'ITALIA CON GIORGIA MELONI; FORZA ITALIA
1350264,ITALIA SOVRANA E POPOLARE
1350269,ITALEXIT PER L'ITALIA
1350280,LEGA PER SALVINI PREMIER; NOI MODERATI/LUPI - TOTI - BRUGNARO - UDC; FRATELLI D'ITALIA CON GIORGIA MELONI; FORZA ITALIA
1350286,LEGA PER SALVINI PREMIER; NOI MODERATI/LUPI - TOTI - BRUGNARO - UDC; FRATELLI D'ITALIA CON GIORGIA MELONI; FORZA ITALIA
1350297,UNIONE POPOLARE CON DE MAGISTRIS
1350305,VITA
1350311,ITALIA SOVRANA E POPOLARE
1350317,ITALIA SOVRANA E POPOLARE
1350323,MOVIMENTO 5 STELLE
1350324,LEGA PER SALVINI PREMIER; NOI MODERATI/LUPI - TOTI - BRUGNARO - UDC; FRATELLI D'ITALIA CON GIORGIA MELONI; FORZA ITALIA
1350327,MOVIMENTO 5 STELLE
1350328,LEGA PER SALVINI PREMIER; NOI MODERATI/LUPI - TOTI - BRUGNARO - UDC; FRATELLI D'ITALIA CON GIORGIA MELONI; FORZA ITALIA
1350339,AZIONE - ITALIA VIVA - CALENDA
1350425,VITA
1350443,AZIONE - ITALIA VIVA - CALENDA
1350445,IMPEGNO CIVICO LUIGI DI MAIO - CENTRO DEMOCRATICO; PARTITO DEMOCRATICO - ITALIA DEMOCRATICA E PROGRESSISTA; ALLEANZA VERDI E SINISTRA; +EUROPA
1350449,UNIONE POPOLARE CON DE MAGISTRIS
1350450,AZIONE - ITALIA VIVA - CALENDA
1350455,MOVIMENTO 5 STELLE
1350456,AZIONE - ITALIA VIVA - CALENDA
1350465,AZIONE - ITALIA VIVA - CALENDA
1350466,ITALEXIT PER L'ITALIA
1350467,AZIONE - ITALIA VIVA - CALENDA
1350468,AZIONE - ITALIA VIVA - CALENDA
1350471,AZIONE - ITALIA VIVA - CALENDA
1350478,ITALEXIT PER L'ITALIA
1350479,ITALEXIT PER L'ITALIA
1350508,IMPEGNO CIVICO LUIGI DI MAIO - CENTRO DEMOCRATICO; PARTITO DEMOCRATICO - ITALIA DEMOCRATICA E PROGRESSISTA; ALLEANZA VERDI E SINISTRA; +EUROPA
1350515,FRATELLI D'ITALIA CON GIORGIA MELONI; NOI MODERATI/LUPI - TOTI - BRUGNARO - UDC; LEGA PER SALVINI PREMIER; FORZA ITALIA
1350519,AZIONE - ITALIA VIVA - CALENDA
1350528,AZIONE - ITALIA VIVA - CALENDA
1350530,AZIONE - ITALIA VIVA - CALENDA
1350532,AZIONE - ITALIA VIVA - CALENDA
1350533,AZIONE - ITALIA VIVA - CALENDA
1350534,ITALEXIT PER L'ITALIA
1350536,ITALEXIT PER L'ITALIA
1350538,AZIONE - ITALIA VIVA - CALENDA
1350539,AZIONE - ITALIA VIVA - CALENDA
1350546,AZIONE - ITALIA VIVA - CALENDA
1350548,AZIONE - ITALIA VIVA - CALENDA
1350549,ITALEXIT PER L'ITALIA
1350558,ITALEXIT PER L'ITALIA
1350561,FRATELLI D'ITALIA CON GIORGIA MELONI; NOI MODERATI/LUPI - TOTI - BRUGNARO - UDC; LEGA PER SALVINI PREMIER; FORZA ITALIA
1350567,AZIONE - ITALIA VIVA - CALENDA
1350572,IMPEGNO CIVICO LUIGI DI MAIO - CENTRO DEMOCRATICO; PARTITO DEMOCRATICO - ITALIA DEMOCRATICA E PROGRESSISTA; ALLEANZA VERDI E SINISTRA; +EUROPA
1350575,UNIONE POPOLARE CON DE MAGISTRIS
1350635,ALLEANZA VERDI E SINISTRA; +EUROPA; PARTITO DEMOCRATICO - ITALIA DEMOCRATICA E PROGRESSISTA; IMPEGNO CIVICO LUIGI DI MAIO - CENTRO DEMOCRATICO
1350637,ALLEANZA VERDI E SINISTRA; +EUROPA; PARTITO DEMOCRATICO - ITALIA DEMOCRATICA E PROGRESSISTA; IMPEGNO CIVICO LUIGI DI MAIO - CENTRO DEMOCRATICO
1350639,IMPEGNO CIVICO LUIGI DI MAIO - CENTRO DEMOCRATICO; +EUROPA; PARTITO DEMOCRATICO - ITALIA DEMOCRATICA E PROGRESSISTA; ALLEANZA VERDI E SINISTRA
1350644,IMPEGNO CIVICO LUIGI DI MAIO - CENTRO DEMOCRATICO; +EUROPA; PARTITO DEMOCRATICO - ITALIA DEMOCRATICA E PROGRESSISTA; ALLEANZA VERDI E SINISTRA
1350646,IMPEGNO CIVICO LUIGI DI MAIO - CENTRO DEMOCRATICO; +EUROPA; PARTITO DEMOCRATICO - ITALIA DEMOCRATICA E PROGRESSISTA; ALLEANZA VERDI E SINISTRA
1350647,PARTITO DEMOCRATICO - ITALIA DEMOCRATICA E PROGRESSISTA; IMPEGNO CIVICO LUIGI DI MAIO - CENTRO DEMOCRATICO; ALLEANZA VERDI E SINISTRA; +EUROPA
1350648,PARTITO DEMOCRATICO - ITALIA DEMOCRATICA E PROGRESSISTA; IMPEGNO CIVICO LUIGI DI MAIO - CENTRO DEMOCRATICO; ALLEANZA VERDI E SINISTRA; +EUROPA
1350649,AZIONE - ITALIA VIVA - CALENDA
1350651,AZIONE - ITALIA VIVA - CALENDA
1350654,AZIONE - ITALIA VIVA - CALENDA
1350655,AZIONE - ITALIA VIVA - CALENDA
1350657,AZIONE - ITALIA VIVA - CALENDA
1350658,AZIONE - ITALIA VIVA - CALENDA
1350663,AZIONE - ITALIA VIVA - CALENDA
1350680,ITALEXIT PER L'ITALIA
1350682,ITALIA SOVRANA E POPOLARE
1350694,ITALIA SOVRANA E POPOLARE
1350700,FRATELLI D'ITALIA CON GIORGIA MELONI; FORZA ITALIA; LEGA PER SALVINI PREMIER; NOI MODERATI/LUPI - TOTI - BRUGNARO - UDC
1350709,NOI MODERATI/LUPI - TOTI - BRUGNARO - UDC; LEGA PER SALVINI PREMIER; FRATELLI D'ITALIA CON GIORGIA MELONI; FORZA ITALIA
1350712,UNIONE POPOLARE CON DE MAGISTRIS
1350715,NOI MODERATI/LUPI - TOTI - BRUGNARO - UDC; LEGA PER SALVINI PREMIER; FRATELLI D'ITALIA CON GIORGIA MELONI; FORZA ITALIA
1350718,NOI MODERATI/LUPI - TOTI - BRUGNARO - UDC; LEGA PER SALVINI PREMIER; FRATELLI D'ITALIA CON GIORGIA MELONI; FORZA ITALIA
1350720,FRATELLI D'ITALIA CON GIORGIA MELONI; FORZA ITALIA; LEGA PER SALVINI PREMIER; NOI MODERATI/LUPI - TOTI - BRUGNARO - UDC
1350721,FRATELLI D'ITALIA CON GIORGIA MELONI; FORZA ITALIA; LEGA PER SALVINI PREMIER; NOI MODERATI/LUPI - TOTI - BRUGNARO - UDC
1350722,FRATELLI D'ITALIA CON GIORGIA MELONI; FORZA ITALIA; LEGA PER SALVINI PREMIER; NOI MODERATI/LUPI - TOTI - BRUGNARO - UDC
1350726,NOI MODERATI/LUPI - TOTI - BRUGNARO - UDC; LEGA PER SALVINI PREMIER; FRATELLI D'ITALIA CON GIORGIA MELONI; FORZA ITALIA
1350739,IMPEGNO CIVICO LUIGI DI MAIO - CENTRO DEMOCRATICO; ALLEANZA VERDI E SINISTRA; +EUROPA; PARTITO DEMOCRATICO - ITALIA DEMOCRATICA E PROGRESSISTA
1350744,IMPEGNO CIVICO LUIGI DI MAIO - CENTRO DEMOCRATICO; ALLEANZA VERDI E SINISTRA; +EUROPA; PARTITO DEMOCRATICO - ITALIA DEMOCRATICA E PROGRESSISTA
1350745,IMPEGNO CIVICO LUIGI DI MAIO - CENTRO DEMOCRATICO; ALLEANZA VERDI E SINISTRA; +EUROPA; PARTITO DEMOCRATICO - ITALIA DEMOCRATICA E PROGRESSISTA
1350757,IMPEGNO CIVICO LUIGI DI MAIO - CENTRO DEMOCRATICO; ALLEANZA VERDI E SINISTRA; +EUROPA; PARTITO DEMOCRATICO - ITALIA DEMOCRATICA E PROGRESSISTA
1350782,MOVIMENTO 5 STELLE
1350784,ITALEXIT PER L'ITALIA
1350790,FRATELLI D'ITALIA CON GIORGIA MELONI; NOI MODERATI/LUPI - TOTI - BRUGNARO - UDC; LEGA PER SALVINI PREMIER; FORZA ITALIA
1350794,FRATELLI D'ITALIA CON GIORGIA MELONI; FORZA ITALIA; LEGA PER SALVINI PREMIER; NOI MODERATI/LUPI - TOTI - BRUGNARO - UDC
1350796,AZIONE - ITALIA VIVA - CALENDA
1350797,FRATELLI D'ITALIA CON GIORGIA MELONI; FORZA ITALIA; LEGA PER SALVINI PREMIER; NOI MODERATI/LUPI - TOTI - BRUGNARO - UDC
1350799,AZIONE - ITALIA VIVA - CALENDA
1350800,IMPEGNO CIVICO LUIGI DI MAIO - CENTRO DEMOCRATICO; PARTITO DEMOCRATICO - ITALIA DEMOCRATICA E PROGRESSISTA; ALLEANZA VERDI E SINISTRA; +EUROPA
1350803,AZIONE - ITALIA VIVA - CALENDA
1350806,AZIONE - ITALIA VIVA - CALENDA
1350807,FRATELLI D'ITALIA CON GIORGIA MELONI; FORZA ITALIA; LEGA PER SALVINI PREMIER; NOI MODERATI/LUPI - TOTI - BRUGNARO - UDC
1350808,AZIONE - ITALIA VIVA - CALENDA
1350809,AZIONE - ITALIA VIVA - CALENDA
1350810,MOVIMENTO 5 STELLE
1350814,ITALIA SOVRANA E POPOLARE
1350818,ITALEXIT PER L'ITALIA
1350824,FRATELLI D'ITALIA CON GIORGIA MELONI; NOI MODERATI/LUPI - TOTI - BRUGNARO - UDC; LEGA PER SALVINI PREMIER; FORZA ITALIA
1350828,NOI MODERATI/LUPI - TOTI - BRUGNARO - UDC; LEGA PER SALVINI PREMIER; FRATELLI D'ITALIA CON GIORGIA MELONI; FORZA ITALIA
1350830,ITALEXIT PER L'ITALIA
1350835,ITALEXIT PER L'ITALIA
1350836,NOI MODERATI/LUPI - TOTI - BRUGNARO - UDC; LEGA PER SALVINI PREMIER; FRATELLI D'ITALIA CON GIORGIA MELONI; FORZA ITALIA
1350841,ITALEXIT PER L'ITALIA
1350853,NOI MODERATI/LUPI - TOTI - BRUGNARO - UDC; LEGA PER SALVINI PREMIER; FRATELLI D'ITALIA CON GIORGIA MELONI; FORZA ITALIA
1350858,NOI MODERATI/LUPI - TOTI - BRUGNARO - UDC; LEGA PER SALVINI PREMIER; FRATELLI D'ITALIA CON GIORGIA MELONI; FORZA ITALIA
1350860,NOI MODERATI/LUPI - TOTI - BRUGNARO - UDC; LEGA PER SALVINI PREMIER; FRATELLI D'ITALIA CON GIORGIA MELONI; FORZA ITALIA
1350871,ALLEANZA VERDI E SINISTRA; +EUROPA; PARTITO DEMOCRATICO - ITALIA DEMOCRATICA E PROGRESSISTA; IMPEGNO CIVICO LUIGI DI MAIO - CENTRO DEMOCRATICO
1350875,AZIONE - ITALIA VIVA - CALENDA
1350881,AZIONE - ITALIA VIVA - CALENDA
1350885,AZIONE - ITALIA VIVA - CALENDA
1350895,IMPEGNO CIVICO LUIGI DI MAIO - CENTRO DEMOCRATICO; ALLEANZA VERDI E SINISTRA; +EUROPA; PARTITO DEMOCRATICO - ITALIA DEMOCRATICA E PROGRESSISTA
1350898,IMPEGNO CIVICO LUIGI DI MAIO - CENTRO DEMOCRATICO; ALLEANZA VERDI E SINISTRA; +EUROPA; PARTITO DEMOCRATICO - ITALIA DEMOCRATICA E PROGRESSISTA
1350903,IMPEGNO CIVICO LUIGI DI MAIO - CENTRO DEMOCRATICO; ALLEANZA VERDI E SINISTRA; +EUROPA; PARTITO DEMOCRATICO - ITALIA DEMOCRATICA E PROGRESSISTA
1350913,IMPEGNO CIVICO LUIGI DI MAIO - CENTRO DEMOCRATICO; +EUROPA; PARTITO DEMOCRATICO - ITALIA DEMOCRATICA E PROGRESSISTA; ALLEANZA VERDI E SINISTRA
1350918,MASTELLA NOI DI CENTRO EUROPEISTI
1350926,ITALEXIT PER L'ITALIA
1350932,ITALEXIT PER L'ITALIA
1350934,AZIONE - ITALIA VIVA - CALENDA
1350935,ITALEXIT PER L'ITALIA
1350936,ITALEXIT PER L'ITALIA
1350938,ITALEXIT PER L'ITALIA
1350939,MASTELLA NOI DI CENTRO EUROPEISTI
1350940,ITALEXIT PER L'ITALIA
1350942,PARTITO DEMOCRATICO - ITALIA DEMOCRATICA E PROGRESSISTA; IMPEGNO CIVICO LUIGI DI MAIO - CENTRO DEMOCRATICO; ALLEANZA VERDI E SINISTRA; +EUROPA
1350943,PARTITO DEMOCRATICO - ITALIA DEMOCRATICA E PROGRESSISTA; IMPEGNO CIVICO LUIGI DI MAIO - CENTRO DEMOCRATICO; ALLEANZA VERDI E SINISTRA; +EUROPA
1350944,MASTELLA NOI DI CENTRO EUROPEISTI
1350947,MASTELLA NOI DI CENTRO EUROPEISTI
1350949,MASTELLA NOI DI CENTRO EUROPEISTI
1350950,AZIONE - ITALIA VIVA - CALENDA
1350955,AZIONE - ITALIA VIVA - CALENDA
1350960,AZIONE - ITALIA VIVA - CALENDA
1350961,PARTITO COMUNISTA ITALIANO
1350966,AZIONE - ITALIA VIVA - CALENDA
1350967,AZIONE - ITALIA VIVA - CALENDA
1350974,AZIONE - ITALIA VIVA - CALENDA
1350976,AZIONE - ITALIA VIVA - CALENDA
1350977,PARTITO COMUNISTA ITALIANO
1350979,NOI MODERATI/LUPI - TOTI - BRUGNARO - UDC; FRATELLI D'ITALIA CON GIORGIA MELONI; FORZA ITALIA; LEGA PER SALVINI PREMIER
1350981,MASTELLA NOI DI CENTRO EUROPEISTI
1350983,MASTELLA NOI DI CENTRO EUROPEISTI
1350989,PARTITO COMUNISTA ITALIANO
1350991,ITALEXIT PER L'ITALIA
1351000,AZIONE - ITALIA VIVA - CALENDA
1351001,AZIONE - ITALIA VIVA - CALENDA
1351005,AZIONE - ITALIA VIVA - CALENDA
1351006,AZIONE - ITALIA VIVA - CALENDA
1351007,AZIONE - ITALIA VIVA - CALENDA
1351008,AZIONE - ITALIA VIVA - CALENDA
1351013,AZIONE - ITALIA VIVA - CALENDA
1351014,NOI MODERATI/LUPI - TOTI - BRUGNARO - UDC; FRATELLI D'ITALIA CON GIORGIA MELONI; FORZA ITALIA; LEGA PER SALVINI PREMIER
1351016,AZIONE - ITALIA VIVA - CALENDA
1351018,NOI MODERATI/LUPI - TOTI - BRUGNARO - UDC; FRATELLI D'ITALIA CON GIORGIA MELONI; FORZA ITALIA; LEGA PER SALVINI PREMIER
1351020,AZIONE - ITALIA VIVA - CALENDA
1351021,AZIONE - ITALIA VIVA - CALENDA
1351022,AZIONE - ITALIA VIVA - CALENDA
1351080,AZIONE - ITALIA VIVA - CALENDA
1351081,AZIONE - ITALIA VIVA - CALENDA
1351083,PARTITO COMUNISTA ITALIANO
1351084,NOI MODERATI/LUPI - TOTI - BRUGNARO - UDC; FRATELLI D'ITALIA CON GIORGIA MELONI; FORZA ITALIA; LEGA PER SALVINI PREMIER
1351086,NOI MODERATI/LUPI - TOTI - BRUGNARO - UDC; FRATELLI D'ITALIA CON GIORGIA MELONI; FORZA ITALIA; LEGA PER SALVINI PREMIER
1351091,NOI MODERATI/LUPI - TOTI - BRUGNARO - UDC; FRATELLI D'ITALIA CON GIORGIA MELONI; FORZA ITALIA; LEGA PER SALVINI PREMIER
1351094,NOI MODERATI/LUPI - TOTI - BRUGNARO - UDC; FRATELLI D'ITALIA CON GIORGIA MELONI; FORZA ITALIA; LEGA PER SALVINI PREMIER
1351096,NOI MODERATI/LUPI - TOTI - BRUGNARO - UDC; FRATELLI D'ITALIA CON GIORGIA MELONI; FORZA ITALIA; LEGA PER SALVINI PREMIER
1351097,AZIONE - ITALIA VIVA - CALENDA
1351100,NOI MODERATI/LUPI - TOTI - BRUGNARO - UDC; FRATELLI D'ITALIA CON GIORGIA MELONI; FORZA ITALIA; LEGA PER SALVINI PREMIER
1351101,FORZA ITALIA; FRATELLI D'ITALIA CON GIORGIA MELONI; LEGA PER SALVINI PREMIER; NOI MODERATI/LUPI - TOTI - BRUGNARO - UDC
1351103,AZIONE - ITALIA VIVA - CALENDA
1351104,FORZA ITALIA; FRATELLI D'ITALIA CON GIORGIA MELONI; LEGA PER SALVINI PREMIER; NOI MODERATI/LUPI - TOTI - BRUGNARO - UDC
1351137,+EUROPA; IMPEGNO CIVICO LUIGI DI MAIO - CENTRO DEMOCRATICO; ALLEANZA VERDI E SINISTRA; PARTITO DEMOCRATICO - ITALIA DEMOCRATICA E PROGRESSISTA
1351138,+EUROPA; IMPEGNO CIVICO LUIGI DI MAIO - CENTRO DEMOCRATICO; ALLEANZA VERDI E SINISTRA; PARTITO DEMOCRATICO - ITALIA DEMOCRATICA E PROGRESSISTA
1351139,+EUROPA; IMPEGNO CIVICO LUIGI DI MAIO - CENTRO DEMOCRATICO; ALLEANZA VERDI E SINISTRA; PARTITO DEMOCRATICO - ITALIA DEMOCRATICA E PROGRESSISTA
1351142,+EUROPA; IMPEGNO CIVICO LUIGI DI MAIO - CENTRO DEMOCRATICO; ALLEANZA VERDI E SINISTRA; PARTITO DEMOCRATICO - ITALIA DEMOCRATICA E PROGRESSISTA
1351143,+EUROPA; IMPEGNO CIVICO LUIGI DI MAIO - CENTRO DEMOCRATICO; ALLEANZA VERDI E SINISTRA; PARTITO DEMOCRATICO - ITALIA DEMOCRATICA E PROGRESSISTA
1351144,+EUROPA; IMPEGNO CIVICO LUIGI DI MAIO - CENTRO DEMOCRATICO; ALLEANZA VERDI E SINISTRA; PARTITO DEMOCRATICO - ITALIA DEMOCRATICA E PROGRESSISTA
1351257,MOVIMENTO 5 STELLE
1351260,MOVIMENTO 5 STELLE
1351276,SUD CHIAMA NORD
1351323,ITALEXIT PER L'ITALIA
1351336,ITALEXIT PER L'ITALIA
1351344,AZIONE - ITALIA VIVA - CALENDA
1351345,FORZA ITALIA; LEGA PER SALVINI PREMIER; FRATELLI D'ITALIA CON GIORGIA MELONI; NOI MODERATI/LUPI - TOTI - BRUGNARO - UDC
1351347,AZIONE - ITALIA VIVA - CALENDA
1351350,FORZA ITALIA; LEGA PER SALVINI PREMIER; FRATELLI D'ITALIA CON GIORGIA MELONI; NOI MODERATI/LUPI - TOTI - BRUGNARO - UDC
1351353,AZIONE - ITALIA VIVA - CALENDA
1351362,FORZA ITALIA; LEGA PER SALVINI PREMIER; FRATELLI D'ITALIA CON GIORGIA MELONI; NOI MODERATI/LUPI - TOTI - BRUGNARO - UDC
1351366,FORZA ITALIA; LEGA PER SALVINI PREMIER; FRATELLI D'ITALIA CON GIORGIA MELONI; NOI MODERATI/LUPI - TOTI - BRUGNARO - UDC
1351368,FORZA ITALIA; LEGA PER SALVINI PREMIER; FRATELLI D'ITALIA CON GIORGIA MELONI; NOI MODERATI/LUPI - TOTI - BRUGNARO - UDC
1351369,IMPEGNO CIVICO LUIGI DI MAIO - CENTRO DEMOCRATICO; PARTITO DEMOCRATICO - ITALIA DEMOCRATICA E PROGRESSISTA; ALLEANZA VERDI E SINISTRA; +EUROPA
1351376,FORZA ITALIA; NOI MODERATI/LUPI - TOTI - BRUGNARO - UDC; FRATELLI D'ITALIA CON GIORGIA MELONI; LEGA PER SALVINI PREMIER
1351379,AZIONE - ITALIA VIVA - CALENDA
1351388,ITALEXIT PER L'ITALIA
1351396,FORZA ITALIA; LEGA PER SALVINI PREMIER; FRATELLI D'ITALIA CON GIORGIA MELONI; NOI MODERATI/LUPI - TOTI - BRUGNARO - UDC
1351397,IMPEGNO CIVICO LUIGI DI MAIO - CENTRO DEMOCRATICO; PARTITO DEMOCRATICO - ITALIA DEMOCRATICA E PROGRESSISTA; ALLEANZA VERDI E SINISTRA; +EUROPA
1351398,AZIONE - ITALIA VIVA - CALENDA
1351406,IMPEGNO CIVICO LUIGI DI MAIO - CENTRO DEMOCRATICO; PARTITO DEMOCRATICO - ITALIA DEMOCRATICA E PROGRESSISTA; ALLEANZA VERDI E SINISTRA; +EUROPA
1351407,AZIONE - ITALIA VIVA - CALENDA
1351412,MOVIMENTO 5 STELLE
1351415,UNIONE POPOLARE CON DE MAGISTRIS
1351417,MOVIMENTO 5 STELLE
1351418,AZIONE - ITALIA VIVA - CALENDA
1351427,UNIONE POPOLARE CON DE MAGISTRIS
1351430,MOVIMENTO 5 STELLE
1351436,UNIONE POPOLARE CON DE MAGISTRIS
1351442,SUD CHIAMA NORD
1351482,AZIONE - ITALIA VIVA - CALENDA
1351483,UNIONE POPOLARE CON DE MAGISTRIS
1351484,FORZA ITALIA; NOI MODERATI/LUPI - TOTI - BRUGNARO - UDC; FRATELLI D'ITALIA CON GIORGIA MELONI; LEGA PER SALVINI PREMIER
1351485,AZIONE - ITALIA VIVA - CALENDA
1351486,AZIONE - ITALIA VIVA - CALENDA
1351487,AZIONE - ITALIA VIVA - CALENDA
1351491,AZIONE - ITALIA VIVA - CALENDA
1351492,FORZA ITALIA; NOI MODERATI/LUPI - TOTI - BRUGNARO - UDC; FRATELLI D'ITALIA CON GIORGIA MELONI; LEGA PER SALVINI PREMIER
1351495,UNIONE POPOLARE CON DE MAGISTRIS
1351497,MOVIMENTO 5 STELLE
1351499,AZIONE - ITALIA VIVA - CALENDA
1351504,AZIONE - ITALIA VIVA - CALENDA
1351507,ITALEXIT PER L'ITALIA
1351508,UNIONE POPOLARE CON DE MAGISTRIS
1351511,AZIONE - ITALIA VIVA - CALENDA
1351512,AZIONE - ITALIA VIVA - CALENDA
1351513,ITALEXIT PER L'ITALIA
1351514,MOVIMENTO 5 STELLE
1351517,ITALEXIT PER L'ITALIA
1351520,AZIONE - ITALIA VIVA - CALENDA
1351522,ITALEXIT PER L'ITALIA
1351524,MOVIMENTO 5 STELLE
1351545,MOVIMENTO 5 STELLE
1351549,SUD CHIAMA NORD
1351557,MOVIMENTO 5 STELLE
1351561,MASTELLA NOI DI CENTRO EUROPEISTI
1351564,MOVIMENTO 5 STELLE
1351566,MASTELLA NOI DI CENTRO EUROPEISTI
1351567,MASTELLA NOI DI CENTRO EUROPEISTI
1351580,MOVIMENTO 5 STELLE
1351585,MOVIMENTO 5 STELLE
1351611,AZIONE - ITALIA VIVA - CALENDA
1351613,AZIONE - ITALIA VIVA - CALENDA
1351614,SUD CHIAMA NORD
1351634,AZIONE - ITALIA VIVA - CALENDA
1351694,SUD CHIAMA NORD
1351695,AZIONE - ITALIA VIVA - CALENDA
1351701,SUD CHIAMA NORD
1351718,AZIONE - ITALIA VIVA - CALENDA
1351734,MOVIMENTO 5 STELLE
1351750,ITALIA SOVRANA E POPOLARE
1351752,ITALIA SOVRANA E POPOLARE
1351753,ITALIA SOVRANA E POPOLARE
1351774,ALTERNATIVA PER L'ITALIA - NO GREEN PASS
1351781,AZIONE - ITALIA VIVA - CALENDA
1351783,AZIONE - ITALIA VIVA - CALENDA
1351786,AZIONE - ITALIA VIVA - CALENDA
1351789,SUD CHIAMA NORD
1351806,AZIONE - ITALIA VIVA - CALENDA
1351808,AZIONE - ITALIA VIVA - CALENDA
1351937,ITALIA SOVRANA E POPOLARE
1351948,ITALIA SOVRANA E POPOLARE
1351949,AZIONE - ITALIA VIVA - CALENDA
1351953,AZIONE - ITALIA VIVA - CALENDA
1351960,AZIONE - ITALIA VIVA - CALENDA
1351990,ITALIA SOVRANA E POPOLARE
1351999,UNIONE POPOLARE CON DE MAGISTRIS
1352001,ITALIA SOVRANA E POPOLARE
1352007,ALTERNATIVA PER L'ITALIA - NO GREEN PASS
1352017,ALTERNATIVA PER L'ITALIA - NO GREEN PASS
1352043,AZIONE - ITALIA VIVA - CALENDA
1352048,ITALIA SOVRANA E POPOLARE
1352053,AZIONE - ITALIA VIVA - CALENDA
1352057,ITALIA SOVRANA E POPOLARE
1352062,ITALIA SOVRANA E POPOLARE
1352067,ITALIA SOVRANA E POPOLARE
1352072,AZIONE - ITALIA VIVA - CALENDA
1352099,AZIONE - ITALIA VIVA - CALENDA
1352107,FRATELLI D'ITALIA CON GIORGIA MELONI; LEGA PER SALVINI PREMIER; FORZA ITALIA; NOI MODERATI/LUPI - TOTI - BRUGNARO - UDC
1352115,FRATELLI D'ITALIA CON GIORGIA MELONI; LEGA PER SALVINI PREMIER; FORZA ITALIA; NOI MODERATI/LUPI - TOTI - BRUGNARO - UDC
1352125,FRATELLI D'ITALIA CON GIORGIA MELONI; LEGA PER SALVINI PREMIER; FORZA ITALIA; NOI MODERATI/LUPI - TOTI - BRUGNARO - UDC
1352169,FRATELLI D'ITALIA CON GIORGIA MELONI; LEGA PER SALVINI PREMIER; FORZA ITALIA; NOI MODERATI/LUPI - TOTI - BRUGNARO - UDC
1352218,FRATELLI D'ITALIA CON GIORGIA MELONI; LEGA PER SALVINI PREMIER; FORZA ITALIA; NOI MODERATI/LUPI - TOTI - BRUGNARO - UDC
1352240,+EUROPA; ALLEANZA VERDI E SINISTRA; IMPEGNO CIVICO LUIGI DI MAIO - CENTRO DEMOCRATICO; PARTITO DEMOCRATICO - ITALIA DEMOCRATICA E PROGRESSISTA
1352247,ALLEANZA VERDI E SINISTRA; +EUROPA; IMPEGNO CIVICO LUIGI DI MAIO - CENTRO DEMOCRATICO; PARTITO DEMOCRATICO - ITALIA DEMOCRATICA E PROGRESSISTA
1352267,+EUROPA; ALLEANZA VERDI E SINISTRA; IMPEGNO CIVICO LUIGI DI MAIO - CENTRO DEMOCRATICO; PARTITO DEMOCRATICO - ITALIA DEMOCRATICA E PROGRESSISTA
1352270,FRATELLI D'ITALIA CON GIORGIA MELONI; LEGA PER SALVINI PREMIER; FORZA ITALIA; NOI MODERATI/LUPI - TOTI - BRUGNARO - UDC
1352275,ITALEXIT PER L'ITALIA
1352342,FRATELLI D'ITALIA CON GIORGIA MELONI; LEGA PER SALVINI PREMIER; FORZA ITALIA; NOI MODERATI/LUPI - TOTI - BRUGNARO - UDC
1352354,ITALEXIT PER L'ITALIA
1352366,FRATELLI D'ITALIA CON GIORGIA MELONI; LEGA PER SALVINI PREMIER; FORZA ITALIA; NOI MODERATI/LUPI - TOTI - BRUGNARO - UDC
1352367,ITALEXIT PER L'ITALIA
1352372,AZIONE - ITALIA VIVA - CALENDA
1352375,ITALEXIT PER L'ITALIA
1352379,PARTITO COMUNISTA ITALIANO
1352439,FRATELLI D'ITALIA CON GIORGIA MELONI; LEGA PER SALVINI PREMIER; FORZA ITALIA; NOI MODERATI/LUPI - TOTI - BRUGNARO - UDC
1352441,MASTELLA NOI DI CENTRO EUROPEISTI
1352456,ALLEANZA VERDI E SINISTRA; +EUROPA; IMPEGNO CIVICO LUIGI DI MAIO - CENTRO DEMOCRATICO; PARTITO DEMOCRATICO - ITALIA DEMOCRATICA E PROGRESSISTA
1352461,ALLEANZA VERDI E SINISTRA; +EUROPA; PARTITO DEMOCRATICO - ITALIA DEMOCRATICA E PROGRESSISTA; IMPEGNO CIVICO LUIGI DI MAIO - CENTRO DEMOCRATICO
1352463,AZIONE - ITALIA VIVA - CALENDA
1352469,MOVIMENTO 5 STELLE
1352470,PARTITO COMUNISTA ITALIANO
1352471,VITA
1352483,VITA
1352484,ITALEXIT PER L'ITALIA
1352503,VITA
1352507,VITA
1352509,SUD CHIAMA NORD
1352512,SUD CHIAMA NORD
1352515,FRATELLI D'ITALIA CON GIORGIA MELONI; LEGA PER SALVINI PREMIER; FORZA ITALIA; NOI MODERATI/LUPI - TOTI - BRUGNARO - UDC
1352522,SUD CHIAMA NORD
1352524,SUD CHIAMA NORD
1352528,MASTELLA NOI DI CENTRO EUROPEISTI
1352572,ITALEXIT PER L'ITALIA
1352575,ITALEXIT PER L'ITALIA
1352582,FRATELLI D'ITALIA CON GIORGIA MELONI; LEGA PER SALVINI PREMIER; FORZA ITALIA; NOI MODERATI/LUPI - TOTI - BRUGNARO - UDC
1352607,VITA
1352614,VITA
1352617,ALLEANZA VERDI E SINISTRA; +EUROPA; PARTITO DEMOCRATICO - ITALIA DEMOCRATICA E PROGRESSISTA; IMPEGNO CIVICO LUIGI DI MAIO - CENTRO DEMOCRATICO
1352620,MOVIMENTO 5 STELLE
1352621,VITA
1352624,MOVIMENTO 5 STELLE
1352650,VITA
1352665,ITALEXIT PER L'ITALIA
1352667,VITA
1352676,IMPEGNO CIVICO LUIGI DI MAIO - CENTRO DEMOCRATICO; PARTITO DEMOCRATICO - ITALIA DEMOCRATICA E PROGRESSISTA; ALLEANZA VERDI E SINISTRA; +EUROPA
1352729,FRATELLI D'ITALIA CON GIORGIA MELONI; FORZA ITALIA; LEGA PER SALVINI PREMIER; NOI MODERATI/LUPI - TOTI - BRUGNARO - UDC
1352732,IMPEGNO CIVICO LUIGI DI MAIO - CENTRO DEMOCRATICO; PARTITO DEMOCRATICO - ITALIA DEMOCRATICA E PROGRESSISTA; ALLEANZA VERDI E SINISTRA; +EUROPA
1352735,FORZA ITALIA; FRATELLI D'ITALIA CON GIORGIA MELONI; LEGA PER SALVINI PREMIER; NOI MODERATI/LUPI - TOTI - BRUGNARO - UDC
1352742,MOVIMENTO 5 STELLE
1352744,ITALIA SOVRANA E POPOLARE
1352749,FORZA ITALIA; FRATELLI D'ITALIA CON GIORGIA MELONI; LEGA PER SALVINI PREMIER; NOI MODERATI/LUPI - TOTI - BRUGNARO - UDC
1352754,ITALIA SOVRANA E POPOLARE
1352763,MOVIMENTO 5 STELLE
1352767,MOVIMENTO 5 STELLE
1352785,ITALEXIT PER L'ITALIA
1352791,ITALEXIT PER L'ITALIA
1352793,ITALEXIT PER L'ITALIA
1352801,IMPEGNO CIVICO LUIGI DI MAIO - CENTRO DEMOCRATICO; PARTITO DEMOCRATICO - ITALIA DEMOCRATICA E PROGRESSISTA; ALLEANZA VERDI E SINISTRA; +EUROPA
1352821,VITA
1352880,FRATELLI D'ITALIA CON GIORGIA MELONI; FORZA ITALIA; LEGA PER SALVINI PREMIER; NOI MODERATI/LUPI - TOTI - BRUGNARO - UDC
1352883,FRATELLI D'ITALIA CON GIORGIA MELONI; FORZA ITALIA; LEGA PER SALVINI PREMIER; NOI MODERATI/LUPI - TOTI - BRUGNARO - UDC
1352887,MOVIMENTO 5 STELLE
1352889,MOVIMENTO 5 STELLE
1352890,ITALIA SOVRANA E POPOLARE
1352896,FORZA ITALIA; FRATELLI D'ITALIA CON GIORGIA MELONI; LEGA PER SALVINI PREMIER; NOI MODERATI/LUPI - TOTI - BRUGNARO - UDC
1352907,VITA
1352924,FRATELLI D'ITALIA CON GIORGIA MELONI; FORZA ITALIA; LEGA PER SALVINI PREMIER; NOI MODERATI/LUPI - TOTI - BRUGNARO - UDC
1352931,FRATELLI D'ITALIA CON GIORGIA MELONI; FORZA ITALIA; LEGA PER SALVINI PREMIER; NOI MODERATI/LUPI - TOTI - BRUGNARO - UDC
1352933,MOVIMENTO 5 STELLE
1352934,IMPEGNO CIVICO LUIGI DI MAIO - CENTRO DEMOCRATICO; PARTITO DEMOCRATICO - ITALIA DEMOCRATICA E PROGRESSISTA; ALLEANZA VERDI E SINISTRA; +EUROPA
1352945,IMPEGNO CIVICO LUIGI DI MAIO - CENTRO DEMOCRATICO; PARTITO DEMOCRATICO - ITALIA DEMOCRATICA E PROGRESSISTA; ALLEANZA VERDI E SINISTRA; +EUROPA
1352954,ITALEXIT PER L'ITALIA
1352957,IMPEGNO CIVICO LUIGI DI MAIO - CENTRO DEMOCRATICO; PARTITO DEMOCRATICO - ITALIA DEMOCRATICA E PROGRESSISTA; ALLEANZA VERDI E SINISTRA; +EUROPA
1352959,VITA
1352968,VITA
1352971,PARTITO DEMOCRATICO - ITALIA DEMOCRATICA E PROGRESSISTA; ALLEANZA VERDI E SINISTRA; IMPEGNO CIVICO LUIGI DI MAIO - CENTRO DEMOCRATICO; +EUROPA
1352974,VITA
1353013,VITA
1353026,VITA
1353060,ITALIA SOVRANA E POPOLARE
1353063,ITALIA SOVRANA E POPOLARE
1353065,ITALIA SOVRANA E POPOLARE
1353067,ITALIA SOVRANA E POPOLARE
1353077,ITALIA SOVRANA E POPOLARE
1353078,ITALIA SOVRANA E POPOLARE
1353092,LEGA PER SALVINI PREMIER; FRATELLI D'ITALIA CON GIORGIA MELONI; NOI MODERATI/LUPI - TOTI - BRUGNARO - UDC; FORZA ITALIA
1353097,VITA
1353103,LEGA PER SALVINI PREMIER; FRATELLI D'ITALIA CON GIORGIA MELONI; NOI MODERATI/LUPI - TOTI - BRUGNARO - UDC; FORZA ITALIA
1353111,LEGA PER SALVINI PREMIER; FRATELLI D'ITALIA CON GIORGIA MELONI; NOI MODERATI/LUPI - TOTI - BRUGNARO - UDC; FORZA ITALIA
1353127,LEGA PER SALVINI PREMIER; FRATELLI D'ITALIA CON GIORGIA MELONI; NOI MODERATI/LUPI - TOTI - BRUGNARO - UDC; FORZA ITALIA
1353138,IMPEGNO CIVICO LUIGI DI MAIO - CENTRO DEMOCRATICO; PARTITO DEMOCRATICO - ITALIA DEMOCRATICA E PROGRESSISTA; ALLEANZA VERDI E SINISTRA; +EUROPA
1353158,ITALEXIT PER L'ITALIA
1353165,IMPEGNO CIVICO LUIGI DI MAIO - CENTRO DEMOCRATICO; PARTITO DEMOCRATICO - ITALIA DEMOCRATICA E PROGRESSISTA; ALLEANZA VERDI E SINISTRA; +EUROPA
1353180,VITA
1353181,VITA
1353184,IMPEGNO CIVICO LUIGI DI MAIO - CENTRO DEMOCRATICO; PARTITO DEMOCRATICO - ITALIA DEMOCRATICA E PROGRESSISTA; ALLEANZA VERDI E SINISTRA; +EUROPA
1353185,VITA
1353232,UNIONE POPOLARE CON DE MAGISTRIS
1353245,AZIONE - ITALIA VIVA - CALENDA
1353276,MOVIMENTO 5 STELLE
1353278,PARTITO DEMOCRATICO - ITALIA DEMOCRATICA E PROGRESSISTA; ALLEANZA VERDI E SINISTRA; IMPEGNO CIVICO LUIGI DI MAIO - CENTRO DEMOCRATICO; +EUROPA
1353281,ITALEXIT PER L'ITALIA
1353340,FORZA ITALIA; LEGA PER SALVINI PREMIER; NOI MODERATI/LUPI - TOTI - BRUGNARO - UDC; FRATELLI D'ITALIA CON GIORGIA MELONI
1353359,UNIONE POPOLARE CON DE MAGISTRIS
1353370,UNIONE POPOLARE CON DE MAGISTRIS
1353382,UNIONE POPOLARE CON DE MAGISTRIS
1353395,MOVIMENTO 5 STELLE
1353414,PARTITO DELLA FOLLIA CREATIVA
1353420,PARTITO DELLA FOLLIA CREATIVA
1353422,PARTITO DELLA FOLLIA CREATIVA
1353427,PARTITO DELLA FOLLIA CREATIVA
1353430,PARTITO DELLA FOLLIA CREATIVA
1353442,MASTELLA NOI DI CENTRO EUROPEISTI
1353446,MASTELLA NOI DI CENTRO EUROPEISTI
1353448,MASTELLA NOI DI CENTRO EUROPEISTI
1353450,MASTELLA NOI DI CENTRO EUROPEISTI
1353453,MASTELLA NOI DI CENTRO EUROPEISTI
1353512,FRATELLI D'ITALIA CON GIORGIA MELONI; FORZA ITALIA; LEGA PER SALVINI PREMIER; NOI MODERATI/LUPI - TOTI - BRUGNARO - UDC
1353514,FRATELLI D'ITALIA CON GIORGIA MELONI; FORZA ITALIA; LEGA PER SALVINI PREMIER; NOI MODERATI/LUPI - TOTI - BRUGNARO - UDC
1353515,FRATELLI D'ITALIA CON GIORGIA MELONI; FORZA ITALIA; LEGA PER SALVINI PREMIER; NOI MODERATI/LUPI - TOTI - BRUGNARO - UDC
1353518,FRATELLI D'ITALIA CON GIORGIA MELONI; FORZA ITALIA; LEGA PER SALVINI PREMIER; NOI MODERATI/LUPI - TOTI - BRUGNARO - UDC
1353561,ITALIA SOVRANA E POPOLARE
1353566,ITALIA SOVRANA E POPOLARE
1353568,ITALIA SOVRANA E POPOLARE
1353571,ITALIA SOVRANA E POPOLARE
1353576,ITALIA SOVRANA E POPOLARE
1353583,MOVIMENTO 5 STELLE
1353590,FORZA ITALIA; FRATELLI D'ITALIA CON GIORGIA MELONI; LEGA PER SALVINI PREMIER; NOI MODERATI/LUPI - TOTI - BRUGNARO - UDC
1353593,PARTITO DEMOCRATICO - ITALIA DEMOCRATICA E PROGRESSISTA; ALLEANZA VERDI E SINISTRA; IMPEGNO CIVICO LUIGI DI MAIO - CENTRO DEMOCRATICO; +EUROPA
1353597,FORZA ITALIA; FRATELLI D'ITALIA CON GIORGIA MELONI; LEGA PER SALVINI PREMIER; NOI MODERATI/LUPI - TOTI - BRUGNARO - UDC
1353601,FORZA ITALIA; FRATELLI D'ITALIA CON GIORGIA MELONI; LEGA PER SALVINI PREMIER; NOI MODERATI/LUPI - TOTI - BRUGNARO - UDC
1353602,PARTITO DEMOCRATICO - ITALIA DEMOCRATICA E PROGRESSISTA; ALLEANZA VERDI E SINISTRA; IMPEGNO CIVICO LUIGI DI MAIO - CENTRO DEMOCRATICO; +EUROPA
1353604,FRATELLI D'ITALIA CON GIORGIA MELONI; FORZA ITALIA; LEGA PER SALVINI PREMIER; NOI MODERATI/LUPI - TOTI - BRUGNARO - UDC
1353605,PARTITO DELLA FOLLIA CREATIVA
1353607,FRATELLI D'ITALIA CON GIORGIA MELONI; FORZA ITALIA; LEGA PER SALVINI PREMIER; NOI MODERATI/LUPI - TOTI - BRUGNARO - UDC
1353678,PARTITO ANIMALISTA - UCDL - 10 VOLTE MEGLIO
1353697,+EUROPA; ALLEANZA VERDI E SINISTRA; IMPEGNO CIVICO LUIGI DI MAIO - CENTRO DEMOCRATICO; PARTITO DEMOCRATICO - ITALIA DEMOCRATICA E PROGRESSISTA
1353776,ITALIA SOVRANA E POPOLARE
1353779,ITALIA SOVRANA E POPOLARE
1353791,UNIONE POPOLARE CON DE MAGISTRIS
1353822,VITA
1353836,VITA
1353839,ITALIA SOVRANA E POPOLARE
1353841,PARTITO ANIMALISTA - UCDL - 10 VOLTE MEGLIO
1353843,ITALIA SOVRANA E POPOLARE
1353846,ITALIA SOVRANA E POPOLARE
1353852,ITALIA SOVRANA E POPOLARE
1353853,ITALIA SOVRANA E POPOLARE
1353863,MASTELLA NOI DI CENTRO EUROPEISTI
1353874,PARTITO ANIMALISTA - UCDL - 10 VOLTE MEGLIO
1353875,MASTELLA NOI DI CENTRO EUROPEISTI
1353882,ITALIA SOVRANA E POPOLARE
1353883,PARTITO COMUNISTA ITALIANO
1353885,ITALIA SOVRANA E POPOLARE
1353886,UNIONE POPOLARE CON DE MAGISTRIS
1353887,VITA
1353889,MOVIMENTO 5 STELLE
1353890,ITALIA SOVRANA E POPOLARE
1353896,VITA
1353901,ITALIA SOVRANA E POPOLARE
1353903,NOI MODERATI/LUPI - TOTI - BRUGNARO - UDC; LEGA PER SALVINI PREMIER; FORZA ITALIA; FRATELLI D'ITALIA CON GIORGIA MELONI
1353904,AZIONE - ITALIA VIVA - CALENDA
1353908,MASTELLA NOI DI CENTRO EUROPEISTI
1353915,MASTELLA NOI DI CENTRO EUROPEISTI
1353930,PARTITO DEMOCRATICO - ITALIA DEMOCRATICA E PROGRESSISTA; ALLEANZA VERDI E SINISTRA; +EUROPA; IMPEGNO CIVICO LUIGI DI MAIO - CENTRO DEMOCRATICO
1353933,SDTIROLER VOLKSPARTEI (SVP) - PATT
1353935,MASTELLA NOI DI CENTRO EUROPEISTI
1353937,PARTITO DEMOCRATICO - ITALIA DEMOCRATICA E PROGRESSISTA; ALLEANZA VERDI E SINISTRA; +EUROPA; IMPEGNO CIVICO LUIGI DI MAIO - CENTRO DEMOCRATICO
1353940,AZIONE - ITALIA VIVA - CALENDA
1353944,PARTITO DEMOCRATICO - ITALIA DEMOCRATICA E PROGRESSISTA; ALLEANZA VERDI E SINISTRA; +EUROPA; IMPEGNO CIVICO LUIGI DI MAIO - CENTRO DEMOCRATICO
1353945,MASTELLA NOI DI CENTRO EUROPEISTI
1353949,MASTELLA NOI DI CENTRO EUROPEISTI
1353953,MASTELLA NOI DI CENTRO EUROPEISTI
1353960,MASTELLA NOI DI CENTRO EUROPEISTI
1353968,MASTELLA NOI DI CENTRO EUROPEISTI
1353971,UNIONE POPOLARE CON DE MAGISTRIS
1353975,UNIONE POPOLARE CON DE MAGISTRIS
1353978,PARTITO ANIMALISTA - UCDL - 10 VOLTE MEGLIO
1353980,ITALIA SOVRANA E POPOLARE
1353987,+EUROPA; IMPEGNO CIVICO LUIGI DI MAIO - CENTRO DEMOCRATICO; ALLEANZA VERDI E SINISTRA; PARTITO DEMOCRATICO - ITALIA DEMOCRATICA E PROGRESSISTA
1353989,ITALEXIT PER L'ITALIA
1353991,VITA
1353993,VITA
1353997,VITA
1354001,SDTIROLER VOLKSPARTEI (SVP) - PATT
1354008,MASTELLA NOI DI CENTRO EUROPEISTI
1354010,SDTIROLER VOLKSPARTEI (SVP) - PATT
1354012,MASTELLA NOI DI CENTRO EUROPEISTI
1354015,SDTIROLER VOLKSPARTEI (SVP) - PATT
1354016,MASTELLA NOI DI CENTRO EUROPEISTI
1354019,PARTITO DEMOCRATICO - ITALIA DEMOCRATICA E PROGRESSISTA; ALLEANZA VERDI E SINISTRA; +EUROPA; IMPEGNO CIVICO LUIGI DI MAIO - CENTRO DEMOCRATICO
1354026,UNIONE POPOLARE CON DE MAGISTRIS
1354028,PARTITO DEMOCRATICO - ITALIA DEMOCRATICA E PROGRESSISTA; ALLEANZA VERDI E SINISTRA; +EUROPA; IMPEGNO CIVICO LUIGI DI MAIO - CENTRO DEMOCRATICO
1354035,AZIONE - ITALIA VIVA - CALENDA
1354037,MASTELLA NOI DI CENTRO EUROPEISTI
1354042,AZIONE - ITALIA VIVA - CALENDA
1354044,UNIONE POPOLARE CON DE MAGISTRIS
1354046,AZIONE - ITALIA VIVA - CALENDA
1354051,ITALEXIT PER L'ITALIA
1354059,VITA
1354060,UNIONE POPOLARE CON DE MAGISTRIS
1354063,ALTERNATIVA PER L'ITALIA - NO GREEN PASS
1354067,LEGA PER SALVINI PREMIER; FRATELLI D'ITALIA CON GIORGIA MELONI; FORZA ITALIA; NOI MODERATI/LUPI - TOTI - BRUGNARO - UDC
1354068,UNIONE POPOLARE CON DE MAGISTRIS
1354073,ALTERNATIVA PER L'ITALIA - NO GREEN PASS
1354080,MASTELLA NOI DI CENTRO EUROPEISTI
1354103,ITALIA SOVRANA E POPOLARE
1354112,PARTITO ANIMALISTA - UCDL - 10 VOLTE MEGLIO
1354151,LEGA PER SALVINI PREMIER; FORZA ITALIA; NOI MODERATI/LUPI - TOTI - BRUGNARO - UDC; FRATELLI D'ITALIA CON GIORGIA MELONI
1354158,MASTELLA NOI DI CENTRO EUROPEISTI
1354162,LEGA PER SALVINI PREMIER; FORZA ITALIA; NOI MODERATI/LUPI - TOTI - BRUGNARO - UDC; FRATELLI D'ITALIA CON GIORGIA MELONI
1354165,LEGA PER SALVINI PREMIER; FORZA ITALIA; NOI MODERATI/LUPI - TOTI - BRUGNARO - UDC; FRATELLI D'ITALIA CON GIORGIA MELONI
1354168,MASTELLA NOI DI CENTRO EUROPEISTI
1354170,LEGA PER SALVINI PREMIER; FORZA ITALIA; NOI MODERATI/LUPI - TOTI - BRUGNARO - UDC; FRATELLI D'ITALIA CON GIORGIA MELONI
1354179,MASTELLA NOI DI CENTRO EUROPEISTI
1354180,AZIONE - ITALIA VIVA - CALENDA
1354183,SUD CHIAMA NORD
1354189,PARTITO ANIMALISTA - UCDL - 10 VOLTE MEGLIO
1354190,AZIONE - ITALIA VIVA - CALENDA
1354191,ALTERNATIVA PER L'ITALIA - NO GREEN PASS
1354197,SUD CHIAMA NORD
1354199,AZIONE - ITALIA VIVA - CALENDA
1354206,IMPEGNO CIVICO LUIGI DI MAIO - CENTRO DEMOCRATICO; PARTITO DEMOCRATICO - ITALIA DEMOCRATICA E PROGRESSISTA; ALLEANZA VERDI E SINISTRA; +EUROPA
1354208,SUD CHIAMA NORD
1354218,ALTERNATIVA PER L'ITALIA - NO GREEN PASS
1354220,ALTERNATIVA PER L'ITALIA - NO GREEN PASS
1354221,IMPEGNO CIVICO LUIGI DI MAIO - CENTRO DEMOCRATICO; PARTITO DEMOCRATICO - ITALIA DEMOCRATICA E PROGRESSISTA; ALLEANZA VERDI E SINISTRA; +EUROPA
1354224,ALTERNATIVA PER L'ITALIA - NO GREEN PASS
1354227,IMPEGNO CIVICO LUIGI DI MAIO - CENTRO DEMOCRATICO; PARTITO DEMOCRATICO - ITALIA DEMOCRATICA E PROGRESSISTA; ALLEANZA VERDI E SINISTRA; +EUROPA
1354235,LEGA PER SALVINI PREMIER; FRATELLI D'ITALIA CON GIORGIA MELONI; NOI MODERATI/LUPI - TOTI - BRUGNARO - UDC; FORZA ITALIA
1354243,ALLEANZA VERDI E SINISTRA; PARTITO DEMOCRATICO - ITALIA DEMOCRATICA E PROGRESSISTA; IMPEGNO CIVICO LUIGI DI MAIO - CENTRO DEMOCRATICO; +EUROPA
1354254,MASTELLA NOI DI CENTRO EUROPEISTI
1354258,PARTITO COMUNISTA ITALIANO
1354266,SUD CHIAMA NORD
1354267,ALTERNATIVA PER L'ITALIA - NO GREEN PASS
1354285,IMPEGNO CIVICO LUIGI DI MAIO - CENTRO DEMOCRATICO; PARTITO DEMOCRATICO - ITALIA DEMOCRATICA E PROGRESSISTA; ALLEANZA VERDI E SINISTRA; +EUROPA
1354290,ALTERNATIVA PER L'ITALIA - NO GREEN PASS
1354294,LEGA PER SALVINI PREMIER; FORZA ITALIA; NOI MODERATI/LUPI - TOTI - BRUGNARO - UDC; FRATELLI D'ITALIA CON GIORGIA MELONI
1354296,LEGA PER SALVINI PREMIER; FORZA ITALIA; NOI MODERATI/LUPI - TOTI - BRUGNARO - UDC; FRATELLI D'ITALIA CON GIORGIA MELONI
1354300,ALTERNATIVA PER L'ITALIA - NO GREEN PASS
1354306,LEGA PER SALVINI PREMIER; FRATELLI D'ITALIA CON GIORGIA MELONI; NOI MODERATI/LUPI - TOTI - BRUGNARO - UDC; FORZA ITALIA
1354309,LEGA PER SALVINI PREMIER; FRATELLI D'ITALIA CON GIORGIA MELONI; NOI MODERATI/LUPI - TOTI - BRUGNARO - UDC; FORZA ITALIA
1354314,LEGA PER SALVINI PREMIER; FRATELLI D'ITALIA CON GIORGIA MELONI; NOI MODERATI/LUPI - TOTI - BRUGNARO - UDC; FORZA ITALIA
1354316,LEGA PER SALVINI PREMIER; FORZA ITALIA; NOI MODERATI/LUPI - TOTI - BRUGNARO - UDC; FRATELLI D'ITALIA CON GIORGIA MELONI
1354319,AZIONE - ITALIA VIVA - CALENDA
1354321,MOVIMENTO 5 STELLE
1354341,ALTERNATIVA PER L'ITALIA - NO GREEN PASS
1354345,FORZA DEL POPOLO
1354348,MOVIMENTO 5 STELLE
1354349,ALLEANZA VERDI E SINISTRA; +EUROPA; PARTITO DEMOCRATICO - ITALIA DEMOCRATICA E PROGRESSISTA; IMPEGNO CIVICO LUIGI DI MAIO - CENTRO DEMOCRATICO
1354352,MOVIMENTO 5 STELLE
1354355,ALTERNATIVA PER L'ITALIA - NO GREEN PASS
1354358,MOVIMENTO 5 STELLE
1354359,ALLEANZA VERDI E SINISTRA; +EUROPA; PARTITO DEMOCRATICO - ITALIA DEMOCRATICA E PROGRESSISTA; IMPEGNO CIVICO LUIGI DI MAIO - CENTRO DEMOCRATICO
1354365,ALLEANZA VERDI E SINISTRA; +EUROPA; PARTITO DEMOCRATICO - ITALIA DEMOCRATICA E PROGRESSISTA; IMPEGNO CIVICO LUIGI DI MAIO - CENTRO DEMOCRATICO
1354367,ITALIA SOVRANA E POPOLARE
1354368,MOVIMENTO 5 STELLE
1354369,ALLEANZA VERDI E SINISTRA; +EUROPA; PARTITO DEMOCRATICO - ITALIA DEMOCRATICA E PROGRESSISTA; IMPEGNO CIVICO LUIGI DI MAIO - CENTRO DEMOCRATICO
1354371,AZIONE - ITALIA VIVA - CALENDA
1354374,ALTERNATIVA PER L'ITALIA - NO GREEN PASS
1354378,AZIONE - ITALIA VIVA - CALENDA
1354403,ITALEXIT PER L'ITALIA
1354409,ITALEXIT PER L'ITALIA
1354414,ITALEXIT PER L'ITALIA
1354417,MASTELLA NOI DI CENTRO EUROPEISTI
1354422,ITALEXIT PER L'ITALIA
1354423,VITA
1354424,NOI MODERATI/LUPI - TOTI - BRUGNARO - UDC; LEGA PER SALVINI PREMIER; FORZA ITALIA; FRATELLI D'ITALIA CON GIORGIA MELONI
1354429,NOI MODERATI/LUPI - TOTI - BRUGNARO - UDC; LEGA PER SALVINI PREMIER; FORZA ITALIA; FRATELLI D'ITALIA CON GIORGIA MELONI
1354447,NOI MODERATI/LUPI - TOTI - BRUGNARO - UDC; LEGA PER SALVINI PREMIER; FORZA ITALIA; FRATELLI D'ITALIA CON GIORGIA MELONI
1354464,ALLEANZA VERDI E SINISTRA; PARTITO DEMOCRATICO - ITALIA DEMOCRATICA E PROGRESSISTA; IMPEGNO CIVICO LUIGI DI MAIO - CENTRO DEMOCRATICO; +EUROPA
1354465,MASTELLA NOI DI CENTRO EUROPEISTI
1354467,AZIONE - ITALIA VIVA - CALENDA
1354479,ALTERNATIVA PER L'ITALIA - NO GREEN PASS
1354482,PARTITO ANIMALISTA - UCDL - 10 VOLTE MEGLIO
1354486,MASTELLA NOI DI CENTRO EUROPEISTI
1354490,MASTELLA NOI DI CENTRO EUROPEISTI
1354495,MASTELLA NOI DI CENTRO EUROPEISTI
1354497,ALTERNATIVA PER L'ITALIA - NO GREEN PASS
1354518,NOI MODERATI/LUPI - TOTI - BRUGNARO - UDC; LEGA PER SALVINI PREMIER; FORZA ITALIA; FRATELLI D'ITALIA CON GIORGIA MELONI
1354527,AZIONE - ITALIA VIVA - CALENDA
1354529,NOI MODERATI/LUPI - TOTI - BRUGNARO - UDC; LEGA PER SALVINI PREMIER; FORZA ITALIA; FRATELLI D'ITALIA CON GIORGIA MELONI
1354531,AZIONE - ITALIA VIVA - CALENDA
1354533,AZIONE - ITALIA VIVA - CALENDA
1354545,MOVIMENTO 5 STELLE
1354546,MASTELLA NOI DI CENTRO EUROPEISTI
1354551,PARTITO COMUNISTA ITALIANO
1354555,SUD CHIAMA NORD
1354558,FORZA DEL POPOLO
1354565,PARTITO ANIMALISTA - UCDL - 10 VOLTE MEGLIO
1354583,ITALEXIT PER L'ITALIA
1354586,ALLEANZA VERDI E SINISTRA; +EUROPA; PARTITO DEMOCRATICO - ITALIA DEMOCRATICA E PROGRESSISTA; IMPEGNO CIVICO LUIGI DI MAIO - CENTRO DEMOCRATICO
1354587,ALLEANZA VERDI E SINISTRA; +EUROPA; PARTITO DEMOCRATICO - ITALIA DEMOCRATICA E PROGRESSISTA; IMPEGNO CIVICO LUIGI DI MAIO - CENTRO DEMOCRATICO
1354594,LEGA PER SALVINI PREMIER; FRATELLI D'ITALIA CON GIORGIA MELONI; FORZA ITALIA; NOI MODERATI/LUPI - TOTI - BRUGNARO - UDC
1354609,MASTELLA NOI DI CENTRO EUROPEISTI
1354668,FORZA ITALIA; FRATELLI D'ITALIA CON GIORGIA MELONI; NOI MODERATI/LUPI - TOTI - BRUGNARO - UDC; LEGA PER SALVINI PREMIER
1354674,PARTITO DEMOCRATICO - ITALIA DEMOCRATICA E PROGRESSISTA; IMPEGNO CIVICO LUIGI DI MAIO - CENTRO DEMOCRATICO; +EUROPA; ALLEANZA VERDI E SINISTRA
1354679,UNIONE POPOLARE CON DE MAGISTRIS
1354696,UNIONE POPOLARE CON DE MAGISTRIS
1354703,ITALIA SOVRANA E POPOLARE
1354707,ITALEXIT PER L'ITALIA
1354713,VITA
1354717,LEGA PER SALVINI PREMIER; FRATELLI D'ITALIA CON GIORGIA MELONI; FORZA ITALIA; NOI MODERATI/LUPI - TOTI - BRUGNARO - UDC
1354723,AZIONE - ITALIA VIVA - CALENDA
1354736,PARTITO COMUNISTA ITALIANO
1354744,ALTERNATIVA PER L'ITALIA - NO GREEN PASS
1354747,FORZA DEL POPOLO
1354767,UNIONE POPOLARE CON DE MAGISTRIS
1354777,ALLEANZA VERDI E SINISTRA; PARTITO DEMOCRATICO - ITALIA DEMOCRATICA E PROGRESSISTA; IMPEGNO CIVICO LUIGI DI MAIO - CENTRO DEMOCRATICO; +EUROPA
1354778,LEGA PER SALVINI PREMIER; FRATELLI D'ITALIA CON GIORGIA MELONI; FORZA ITALIA; NOI MODERATI/LUPI - TOTI - BRUGNARO - UDC
1354779,AZIONE - ITALIA VIVA - CALENDA
1354796,ALLEANZA VERDI E SINISTRA; PARTITO DEMOCRATICO - ITALIA DEMOCRATICA E PROGRESSISTA; IMPEGNO CIVICO LUIGI DI MAIO - CENTRO DEMOCRATICO; +EUROPA
1354802,MOVIMENTO 5 STELLE
1354805,MASTELLA NOI DI CENTRO EUROPEISTI
1354811,SUD CHIAMA NORD
1354816,PARTITO ANIMALISTA - UCDL - 10 VOLTE MEGLIO
1354837,ITALIA SOVRANA E POPOLARE
1354842,ITALEXIT PER L'ITALIA
1354853,VITA
1354862,MOVIMENTO 5 STELLE
1354864,MASTELLA NOI DI CENTRO EUROPEISTI
1354867,PARTITO COMUNISTA ITALIANO
1354876,ITALIA SOVRANA E POPOLARE
1354884,SUD CHIAMA NORD
1354893,ALTERNATIVA PER L'ITALIA - NO GREEN PASS
1354896,FORZA DEL POPOLO
1354901,PARTITO ANIMALISTA - UCDL - 10 VOLTE MEGLIO
1354911,VITA
1354915,LEGA PER SALVINI PREMIER; FRATELLI D'ITALIA CON GIORGIA MELONI; FORZA ITALIA; NOI MODERATI/LUPI - TOTI - BRUGNARO - UDC
1354918,ALLEANZA VERDI E SINISTRA; PARTITO DEMOCRATICO - ITALIA DEMOCRATICA E PROGRESSISTA; IMPEGNO CIVICO LUIGI DI MAIO - CENTRO DEMOCRATICO; +EUROPA
1354925,VITA
1354929,VITA
1354930,PARTITO COMUNISTA ITALIANO
1354933,VITA
1354934,VITA
1354936,VITA
1354940,VITA
1354975,ITALIA SOVRANA E POPOLARE
1354977,ITALIA SOVRANA E POPOLARE
1354979,ITALIA SOVRANA E POPOLARE
1354985,PARTITO DEMOCRATICO - ITALIA DEMOCRATICA E PROGRESSISTA; IMPEGNO CIVICO LUIGI DI MAIO - CENTRO DEMOCRATICO; +EUROPA; ALLEANZA VERDI E SINISTRA
1354989,ITALIA SOVRANA E POPOLARE
1354990,PARTITO DEMOCRATICO - ITALIA DEMOCRATICA E PROGRESSISTA; IMPEGNO CIVICO LUIGI DI MAIO - CENTRO DEMOCRATICO; +EUROPA; ALLEANZA VERDI E SINISTRA
1354994,ITALEXIT PER L'ITALIA
1354995,ITALIA SOVRANA E POPOLARE
1354998,ITALIA SOVRANA E POPOLARE
1354999,FORZA ITALIA; FRATELLI D'ITALIA CON GIORGIA MELONI; NOI MODERATI/LUPI - TOTI - BRUGNARO - UDC; LEGA PER SALVINI PREMIER
1355002,FORZA ITALIA; FRATELLI D'ITALIA CON GIORGIA MELONI; NOI MODERATI/LUPI - TOTI - BRUGNARO - UDC; LEGA PER SALVINI PREMIER
1355003,ITALIA SOVRANA E POPOLARE
1355005,FORZA ITALIA; FRATELLI D'ITALIA CON GIORGIA MELONI; NOI MODERATI/LUPI - TOTI - BRUGNARO - UDC; LEGA PER SALVINI PREMIER
1355007,SUD CHIAMA NORD
1355010,FORZA ITALIA; FRATELLI D'ITALIA CON GIORGIA MELONI; NOI MODERATI/LUPI - TOTI - BRUGNARO - UDC; LEGA PER SALVINI PREMIER
1355011,ALTERNATIVA PER L'ITALIA - NO GREEN PASS
1355017,MOVIMENTO 5 STELLE
1355021,MASTELLA NOI DI CENTRO EUROPEISTI
1355024,VITA
1355050,ITALIA SOVRANA E POPOLARE
1355051,ITALIA SOVRANA E POPOLARE
1355052,ITALIA SOVRANA E POPOLARE
1355053,ITALIA SOVRANA E POPOLARE
1355054,ITALIA SOVRANA E POPOLARE
1355055,ITALIA SOVRANA E POPOLARE
1355056,ITALIA SOVRANA E POPOLARE
1355057,ITALIA SOVRANA E POPOLARE
1355058,ITALIA SOVRANA E POPOLARE
1355061,ITALIA SOVRANA E POPOLARE
1355062,ITALIA SOVRANA E POPOLARE
1355064,ITALIA SOVRANA E POPOLARE
1355065,ITALIA SOVRANA E POPOLARE
1355068,ITALEXIT PER L'ITALIA
1355069,ITALEXIT PER L'ITALIA
1355071,ITALEXIT PER L'ITALIA
1355072,ITALEXIT PER L'ITALIA
1355073,ITALEXIT PER L'ITALIA
1355074,ITALEXIT PER L'ITALIA
1355075,ITALEXIT PER L'ITALIA
1355076,ITALEXIT PER L'ITALIA
1355077,ITALEXIT PER L'ITALIA
1355085,PARTITO DEMOCRATICO - ITALIA DEMOCRATICA E PROGRESSISTA; IMPEGNO CIVICO LUIGI DI MAIO - CENTRO DEMOCRATICO; +EUROPA; ALLEANZA VERDI E SINISTRA
1355089,PARTITO DEMOCRATICO - ITALIA DEMOCRATICA E PROGRESSISTA; IMPEGNO CIVICO LUIGI DI MAIO - CENTRO DEMOCRATICO; +EUROPA; ALLEANZA VERDI E SINISTRA
1355097,AZIONE - ITALIA VIVA - CALENDA
1355101,FORZA DEL POPOLO
1355104,PARTITO ANIMALISTA - UCDL - 10 VOLTE MEGLIO
1355106,ALTERNATIVA PER L'ITALIA - NO GREEN PASS
1355110,ITALIA SOVRANA E POPOLARE
1355111,ALTERNATIVA PER L'ITALIA - NO GREEN PASS
1355113,VITA
1355115,ALTERNATIVA PER L'ITALIA - NO GREEN PASS
1355118,ALTERNATIVA PER L'ITALIA - NO GREEN PASS
1355121,ALTERNATIVA PER L'ITALIA - NO GREEN PASS
1355126,ITALIA SOVRANA E POPOLARE
1355130,ITALIA SOVRANA E POPOLARE
1355142,ITALIA SOVRANA E POPOLARE
1355145,ITALIA SOVRANA E POPOLARE
1355149,ITALIA SOVRANA E POPOLARE
1355151,ITALIA SOVRANA E POPOLARE
1355152,UNIONE POPOLARE CON DE MAGISTRIS
1355154,UNIONE POPOLARE CON DE MAGISTRIS
1355155,ITALIA SOVRANA E POPOLARE
1355159,ITALIA SOVRANA E POPOLARE
1355161,ITALIA SOVRANA E POPOLARE
1355163,ITALIA SOVRANA E POPOLARE
1355182,ITALIA SOVRANA E POPOLARE
1355183,AZIONE - ITALIA VIVA - CALENDA
1355184,UNIONE POPOLARE CON DE MAGISTRIS
1355198,UNIONE POPOLARE CON DE MAGISTRIS
1355200,AZIONE - ITALIA VIVA - CALENDA
1355202,AZIONE - ITALIA VIVA - CALENDA
1355203,AZIONE - ITALIA VIVA - CALENDA
1355205,UNIONE POPOLARE CON DE MAGISTRIS
1355206,AZIONE - ITALIA VIVA - CALENDA
1355208,AZIONE - ITALIA VIVA - CALENDA
1355210,AZIONE - ITALIA VIVA - CALENDA
1355212,UNIONE POPOLARE CON DE MAGISTRIS
1355215,MOVIMENTO 5 STELLE
1355216,MOVIMENTO 5 STELLE
1355218,MOVIMENTO 5 STELLE
1355219,MOVIMENTO 5 STELLE
1355221,MOVIMENTO 5 STELLE
1355226,MOVIMENTO 5 STELLE
1355230,ITALIA SOVRANA E POPOLARE
1355231,ITALIA SOVRANA E POPOLARE
1355234,ITALEXIT PER L'ITALIA
1355239,ITALEXIT PER L'ITALIA
1355240,ITALEXIT PER L'ITALIA
1355242,ITALEXIT PER L'ITALIA
1355245,ITALEXIT PER L'ITALIA
1355246,ITALEXIT PER L'ITALIA
1355247,ITALEXIT PER L'ITALIA
1355250,ITALEXIT PER L'ITALIA
1355251,ITALEXIT PER L'ITALIA
1355252,ITALEXIT PER L'ITALIA
1355256,ITALEXIT PER L'ITALIA
1355258,ITALEXIT PER L'ITALIA
1355337,ITALIA SOVRANA E POPOLARE
1355338,ITALIA SOVRANA E POPOLARE
1355339,UNIONE POPOLARE CON DE MAGISTRIS
1355357,VITA
1355358,VITA
1355359,VITA
1355360,ALTERNATIVA PER L'ITALIA - NO GREEN PASS
1355380,ITALEXIT PER L'ITALIA
1355383,ITALEXIT PER L'ITALIA
1355401,VITA
1355405,MOVIMENTO 5 STELLE
1355408,MOVIMENTO 5 STELLE
1355409,MOVIMENTO 5 STELLE
1355410,MOVIMENTO 5 STELLE
1355411,MOVIMENTO 5 STELLE
1355412,UNIONE POPOLARE CON DE MAGISTRIS
1355418,IMPEGNO CIVICO LUIGI DI MAIO - CENTRO DEMOCRATICO; +EUROPA; PARTITO DEMOCRATICO - ITALIA DEMOCRATICA E PROGRESSISTA; ALLEANZA VERDI E SINISTRA
1355420,AZIONE - ITALIA VIVA - CALENDA
1355444,VITA
1355445,VITA
1355450,UNIONE POPOLARE CON DE MAGISTRIS
1355451,UNIONE POPOLARE CON DE MAGISTRIS
1355453,VITA
1355454,VITA
1355456,VITA
1355458,VITA
1355462,UNIONE POPOLARE CON DE MAGISTRIS
1355463,UNIONE POPOLARE CON DE MAGISTRIS
1355465,UNIONE POPOLARE CON DE MAGISTRIS
1355493,ITALIA SOVRANA E POPOLARE
1355495,VITA
1355496,VITA
1355497,VITA
1355500,MOVIMENTO 5 STELLE
1355503,MOVIMENTO 5 STELLE
1355504,MOVIMENTO 5 STELLE
1355506,MOVIMENTO 5 STELLE
1355507,MOVIMENTO 5 STELLE
1355508,MOVIMENTO 5 STELLE
1355510,MOVIMENTO 5 STELLE
1355511,MOVIMENTO 5 STELLE
1355512,MOVIMENTO 5 STELLE
1355513,MOVIMENTO 5 STELLE
1355514,MOVIMENTO 5 STELLE
1355515,MOVIMENTO 5 STELLE
1355518,MOVIMENTO 5 STELLE
1355519,UNIONE POPOLARE CON DE MAGISTRIS
1355527,UNIONE POPOLARE CON DE MAGISTRIS
1355552,UNIONE POPOLARE CON DE MAGISTRIS
1355553,UNIONE POPOLARE CON DE MAGISTRIS
1355584,UNIONE POPOLARE CON DE MAGISTRIS
1355887,MOVIMENTO 5 STELLE
1355889,MOVIMENTO 5 STELLE
1355890,MOVIMENTO 5 STELLE
1365000,PARTITO ANIMALISTA - UCDL - 10 VOLTE MEGLIO
1348421,ITALIA SOVRANA E POPOLARE
1348406,VALLE D'AOSTA APERTA
1350760,LEGA PER SALVINI PREMIER - FORZA ITALIA - NOI MODERATI - FRATELLI D'ITALIA
1348394,LA RENAISSANCE VALDTAINE
1350756,PARTITO COMUNISTA ITALIANO
1348230,UNIONE POPOLARE CON DE MAGISTRIS
1350764,VALLE DAOSTE  AUTONOMIE PROGRS FDRALISME
